dnn_prediction,actual,Driver,Team,Compound,LapNumber,Stint,shap_tyre_life,shap_tracktemp_dev_x_tyrelife,shap_form_vs_baseline,shap_field_median_lag1,shap_field_pace_trend,shap_tyrelife_x_soft,shap_gap_roll3_mean,shap_compound_soft,shap_base_value,value_tyre_life,value_tracktemp_dev_x_tyrelife,value_form_vs_baseline,value_field_median_lag1,value_field_pace_trend,value_tyrelife_x_soft,value_gap_roll3_mean,value_compound_soft
0.021401254,0.0,ALB,WILLIAMS,SOFT,47.0,4.0,-0.017415475466936173,-0.022687711851157675,-0.013660788758700035,0.001181269641723194,-0.01026964968134402,0.02059622572772629,0.0014294349929216458,-0.013902886684856886,0.07613083654083921,7.0,-6.3650236,-0.40811956,97.589,0.163,7.0,0.057666667,1.0
0.0434957,0.0,ALB,WILLIAMS,SOFT,48.0,4.0,-0.011435093723839128,-0.03461640282558834,-0.010263998257985713,-0.00012163676260303069,0.007847015526336197,0.02843835836709195,0.0022088324219794804,-0.014692211522932593,0.07613083654083921,8.0,-7.274313,-0.27709574,97.432,-0.157,8.0,0.059333332,1.0
0.045188837,0.0,ALB,WILLIAMS,SOFT,49.0,4.0,-0.0022489203787234534,-0.03384383650308846,-0.00852900052289324,0.002113747368190802,-0.005559953637220098,0.032017562330405994,0.002046870731171581,-0.016938469175313962,0.07613083654083921,9.0,-8.183602,-0.20180209,97.5,0.068,9.0,0.095,1.0
0.044617478,0.0,ALB,WILLIAMS,SOFT,50.0,4.0,0.006971771445181852,-0.03663839517502242,-0.014719971168288503,0.0036215399458880237,-0.009171080859731544,0.0362282383973528,0.0024553684476021145,-0.020260829769399157,0.07613083654083921,10.0,-9.092891,-0.37792858,97.609,0.109,10.0,0.099,1.0
0.061306465,0.0,ALB,WILLIAMS,SOFT,51.0,4.0,0.017439566664267717,-0.04744153340131575,-0.011013572563670962,0.00443690202597804,-0.0013423665874662954,0.041233660992259225,0.0031448903139435903,-0.0212818962159463,0.07613083654083921,11.0,-11.1021805,-0.28119,97.604,-0.005,11.0,0.09166667,1.0
0.059891813,0.0,ALB,WILLIAMS,SOFT,52.0,4.0,0.024091145752830445,-0.046925722647031876,-0.01325333896386269,0.005474088636811085,-0.008235756748684783,0.04157716382513558,0.003527955784321926,-0.022494559677021037,0.07613083654083921,12.0,-12.111469,-0.34430394,97.706,0.102,12.0,0.037333332,1.0
0.095263176,0.0,ALB,WILLIAMS,SOFT,53.0,4.0,0.0361195959675614,-0.05690504246925932,-0.0031675976523353223,0.006133970006732223,0.0077123786210118355,0.04508423033821601,0.0024070909063664656,-0.01825225679047787,0.07613083654083921,13.0,-14.420758,-0.09150962,97.589,-0.117,13.0,0.128,1.0
0.06286671,0.0,ALB,WILLIAMS,SOFT,54.0,4.0,0.036005721689412705,-0.05073854446452017,-0.0116853329169043,0.005092127262987489,-0.013750116210036646,0.03904240621572842,0.0032791359583966145,-0.020509523949503335,0.07613083654083921,14.0,-15.530047,-0.35665095,97.778,0.189,14.0,0.097666666,1.0
0.08676911,0.0,ALB,WILLIAMS,SOFT,55.0,4.0,0.0440614574849014,-0.056238252857666274,-0.011164721276316672,0.006044277378657702,-0.00010781142871697097,0.04356948959320761,0.0028194750227772195,-0.018345683706679966,0.07613083654083921,15.0,-16.639336,-0.3500463,97.78,0.002,15.0,0.09066667,1.0
0.06749313,0.0,ALB,WILLIAMS,SOFT,56.0,4.0,0.04357985884798736,-0.06367021124404017,-0.011525196809983804,0.006835676372834,-0.004341609544574546,0.03563335094626838,0.002281515508919172,-0.01743110227251215,0.07613083654083921,16.0,-19.348625,-0.39964545,97.86,0.08,16.0,-0.019,1.0
0.06324628,0.0,ALB,WILLIAMS,SOFT,57.0,4.0,0.04700705259558615,-0.061536467551291614,-0.007496786523921791,0.006399909479318737,-0.0147916604114867,0.03293365238239254,0.0014955002210851574,-0.01689577167877261,0.07613083654083921,17.0,-20.557915,-0.28889287,98.1105,0.2505,17.0,-0.0028333333,1.0
0.02222262,0.0,ALO,ASTON MARTIN,HARD,47.0,3.0,0.028909353556363638,-0.058335006725708335,-0.005779713693890918,-0.010746005219560309,-0.010416941150937305,-0.01310092143740357,0.0026992588684534857,0.012861762490870893,0.07613083654083921,13.0,-11.820758,-0.22810869,97.589,0.163,0.0,-0.064666666,0.0
0.037872877,0.0,ALO,ASTON MARTIN,HARD,48.0,3.0,0.041608136107726255,-0.07127059344271065,0.0021593625830707702,-0.01982416842663895,0.007389066977777491,-0.013760018610570577,0.003737338595093475,0.011702920372663341,0.07613083654083921,14.0,-12.730047,0.16431914,97.432,-0.157,0.0,-0.034333333,0.0
0.02618062,0.0,ALO,ASTON MARTIN,HARD,49.0,3.0,0.044168943602009327,-0.07035708723024969,-0.011526781839775464,-0.012624878139723222,-0.0032952318691770463,-0.011476981670104127,0.003404395339609262,0.01175739718990874,0.07613083654083921,15.0,-13.639337,-0.437375,97.5,0.068,0.0,-0.44166666,0.0
0.02552797,0.0,ALO,ASTON MARTIN,HARD,50.0,3.0,0.05163301968141158,-0.0774191326042703,-0.014607243304212519,-0.008587763251567031,-0.005162287198764942,-0.011314801871280113,0.0024483152257047947,0.012407020196927568,0.07613083654083921,16.0,-14.548626,-0.59106123,97.609,0.109,0.0,-0.56866664,0.0
0.01690395,0.0,ALO,ASTON MARTIN,HARD,51.0,3.0,0.052123849196842445,-0.08870809723101249,-0.021105105985056005,-0.005564061899050329,0.0006517639899734709,-0.009319660929503976,0.001577269027454219,0.011117157190975058,0.07613083654083921,17.0,-17.157915,-0.96144,97.604,-0.005,0.0,-0.9576667,0.0
0.020078227,0.0,ALO,ASTON MARTIN,HARD,52.0,3.0,0.06026185886544074,-0.10158074066720053,-0.008669505027249473,-0.00600271922676211,-0.004847761210542426,-0.00899901349816651,0.0030909818142713513,0.010694289333312313,0.07613083654083921,18.0,-18.167204,-0.42592156,97.706,0.102,0.0,-0.9673333,0.0
0.018989095,0.0,ALO,ASTON MARTIN,HARD,53.0,3.0,0.06307720198623923,-0.11818743235075259,-0.0042975512877127375,-0.00949930619864537,0.003796562956305617,-0.006316569839807691,0.002459469606050098,0.011825880326542727,0.07613083654083921,19.0,-21.076492,-0.2539423,97.589,-0.117,0.0,-0.866,0.0
0.016781233,0.0,ALO,ASTON MARTIN,HARD,54.0,3.0,0.05945174280512963,-0.10559021875925366,-0.007660074498015605,-0.003636505394318981,-0.009679950180438603,-0.003504186547020228,0.001230604012014705,0.010038985272158336,0.07613083654083921,20.0,-22.185781,-0.43458492,97.778,0.189,0.0,-0.69766665,0.0
0.02479436,0.0,ALO,ASTON MARTIN,HARD,55.0,3.0,0.06230032624037046,-0.11761179347041503,0.00198160777149944,-0.004993400540824793,-0.001502814745153437,-0.005641891185502422,0.003404701738957728,0.010726788272992479,0.07613083654083921,21.0,-23.29507,0.1495926,97.78,0.002,0.0,-0.5093333,0.0
0.018141119,0.0,ALO,ASTON MARTIN,HARD,56.0,3.0,0.06047938565817697,-0.12156688487076736,0.0018416016272781999,-0.0032068786740263623,-0.004225898152829823,-0.004781993226388399,0.002262021309943691,0.011208928597354678,0.07613083654083921,22.0,-26.60436,0.13018182,97.86,0.08,0.0,-0.38233334,0.0
0.015113711,0.0,ALO,ASTON MARTIN,HARD,57.0,3.0,0.05763480410144711,-0.11038737286359113,-0.0049180674096535705,6.037180670679515e-05,-0.011598727896833598,-0.004148481626734239,0.0013037004682376037,0.011036641717440484,0.07613083654083921,23.0,-27.81365,-0.30379465,98.1105,0.2505,0.0,-0.33883333,0.0
0.04337291,0.0,BOT,ALFA ROMEO,HARD,47.0,3.0,0.060987909776819955,-0.07271196076455277,-0.0036404394246751133,-0.011567192249368946,-0.009282631257576834,-0.00948178103961027,0.001012786484081707,0.01192538240381349,0.07613083654083921,18.0,-16.367205,-0.12255435,97.589,0.163,0.0,0.384,0.0
0.05584784,0.0,BOT,ALFA ROMEO,HARD,48.0,3.0,0.06755873948564867,-0.08164837097556284,-0.0004408695291648751,-0.0162296848883538,0.007496297512808821,-0.008882461706833022,0.0013675932105577581,0.010495758871063797,0.07613083654083921,19.0,-17.276493,0.019031916,97.432,-0.157,0.0,0.29533333,0.0
0.044719964,0.0,BOT,ALFA ROMEO,HARD,49.0,3.0,0.06770137780812008,-0.08133765643512632,-0.007885997964009829,-0.011623728276527762,-0.003327591595514849,-0.008499755793208446,0.0021552414430309128,0.011407257164671865,0.07613083654083921,20.0,-18.185781,-0.3563854,97.5,0.068,0.0,0.208,0.0
0.05065723,0.0,BOT,ALFA ROMEO,HARD,50.0,3.0,0.07183108981481832,-0.0850304345462037,-0.002658224416511927,-0.010425638424093414,-0.005395820995987577,-0.006005592587097026,0.0005748558881533451,0.011636160086756662,0.07613083654083921,21.0,-19.095072,-0.11303061,97.609,0.109,0.0,0.208,0.0
0.037706673,0.0,BOT,ALFA ROMEO,HARD,51.0,3.0,0.06692100999381832,-0.09783037874619079,-0.004528876836837935,-0.006962341205920799,-0.0007097056676851773,-0.006451044636430849,0.0011027737736143475,0.01003439993008785,0.07613083654083921,22.0,-22.204361,-0.24307,97.604,-0.005,0.0,0.115666665,0.0
0.038045615,0.0,BOT,ALFA ROMEO,HARD,52.0,3.0,0.0669886023593943,-0.09569305929610603,-0.0030027730434990557,-0.006044583857865372,-0.006773185706031,-0.004291398355731391,0.0004628154929271974,0.010268368274462173,0.07613083654083921,23.0,-23.21365,-0.23438235,97.706,0.102,0.0,0.15233333,0.0
0.034599137,0.0,BOT,ALFA ROMEO,HARD,53.0,3.0,0.06634340679094096,-0.11300758421637234,0.0021514544174187447,-0.007142050489903472,0.004539190694887943,-0.0046956679747136585,0.0002460615320421869,0.010033500441886636,0.07613083654083921,24.0,-26.622938,0.013355769,97.589,-0.117,0.0,0.19133334,0.0
0.026994286,0.0,BOT,ALFA ROMEO,HARD,54.0,3.0,0.06143548635804907,-0.09956154403402867,-0.003306766882070356,-0.0038914302122605416,-0.00988936809581746,-0.003720096355445626,-0.00027203168994911764,0.010069194887784778,0.07613083654083921,25.0,-27.732227,-0.26161322,97.778,0.189,0.0,0.182,0.0
0.029744724,0.0,BOT,ALFA ROMEO,HARD,55.0,3.0,0.06253877702159209,-0.10722807065383443,-0.007029272533053613,-0.0014885588303958541,-0.0003145258545745183,-0.004015572388352246,0.0,0.011151110509524996,0.07613083654083921,26.0,-28.841516,-0.3745463,97.78,0.002,0.0,0.13133334,0.0
0.018489957,0.0,BOT,ALFA ROMEO,HARD,56.0,3.0,0.05642595040323953,-0.11076919286943408,-0.005482673037937875,-0.0029011496493267144,-0.0042094567627678015,-0.001235178488810076,-9.273877409867598e-05,0.010623559494070418,0.07613083654083921,27.0,-32.650806,-0.37853637,97.86,0.08,0.0,-0.0056666667,0.0
0.017856907,0.0,BOT,ALFA ROMEO,HARD,57.0,3.0,0.0532146147831912,-0.10505445975310479,-0.0032684630406560164,0.0008829550476802936,-0.01164835520983585,-0.002813210168533111,0.00043961314028265197,0.009973375759621806,0.07613083654083921,27.5,-33.25545,-0.27110714,98.1105,0.2505,0.0,-0.015166666,0.0
0.06436504,0.0,DEV,ALPHATAURI,HARD,47.0,3.0,0.06783455721719138,-0.057803139354093945,0.009243513126803526,-0.015888109313593368,-0.007697947804025724,-0.005236003133986372,-0.014817265656375813,0.012598610064004865,0.07613083654083921,20.0,-18.185781,0.49782065,97.589,0.163,0.0,1.7046666,0.0
0.066782214,0.0,DEV,ALPHATAURI,HARD,48.0,3.0,0.07253744753851507,-0.07354976336602002,0.011504375711923845,-0.021598699363439014,0.008236209826201973,-0.006509435710434854,-0.009494437046877845,0.009525664715631814,0.07613083654083921,21.0,-19.095072,0.68982446,97.432,-0.157,0.0,1.4113333,0.0
0.054890156,0.0,DEV,ALPHATAURI,HARD,49.0,3.0,0.0662886707638716,-0.06964010912179694,0.02436420111415411,-0.024878071485604527,-0.0035210430768776585,-0.004872848176762977,-0.018479323293234182,0.009497842527647689,0.07613083654083921,22.0,-20.00436,2.097203,97.5,0.068,0.0,1.904,0.0
0.066896774,0.0,DEV,ALPHATAURI,HARD,50.0,3.0,0.07351174087745692,-0.06469809357646537,0.009792280999333243,-0.013372213142744584,-0.004813366243348629,-0.004289930506744543,-0.016081886404067464,0.010717390429339698,0.07613083654083921,23.0,-20.913649,0.52134186,97.609,0.109,0.0,1.9353334,0.0
0.054863706,0.0,DEV,ALPHATAURI,HARD,51.0,3.0,0.0692964595538598,-0.07969955784748907,0.0096974322956161,-0.011851656079243756,0.00016957490529367555,-0.0027312752817477922,-0.016702931802861153,0.010554842573301727,0.07613083654083921,24.0,-24.222939,0.617735,97.604,-0.005,0.0,1.934,0.0
0.04914577,0.0,DEV,ALPHATAURI,HARD,52.0,3.0,0.06642806619261328,-0.08636729983076472,0.020483341714225303,-0.014483242746864662,-0.003816579994021378,-0.0033471079925984637,-0.016301585777962292,0.010419356123573866,0.07613083654083921,25.0,-25.232227,1.864446,97.706,0.102,0.0,1.8766667,0.0
0.03578156,0.0,DEV,ALPHATAURI,HARD,53.0,3.0,0.06103009381080722,-0.09372039757123005,0.019993943233587386,-0.01646563406681889,0.0035403149493856484,-0.00022543840269294985,-0.022507090982049983,0.008004938541801322,0.07613083654083921,26.0,-28.841516,1.8011298,97.589,-0.117,0.0,2.3316667,0.0
0.042169467,0.0,DEV,ALPHATAURI,HARD,54.0,3.0,0.06050351091980467,-0.07811272648547413,0.006496132511777209,-0.004746672153830349,-0.007814389045481429,-0.002161838901137622,-0.017144379731169862,0.00901900413526639,0.07613083654083921,27.0,-29.950806,0.42397642,97.778,0.189,0.0,2.294,0.0
0.04306499,0.0,DEV,ALPHATAURI,HARD,55.0,3.0,0.06294545241621842,-0.0926123506008948,0.00312540260544854,-0.005181944639480413,-9.453411269019774e-05,-0.0016887183006506227,-0.010664265252234939,0.011105099317144373,0.07613083654083921,27.5,-30.50545,0.15406944,97.78,0.002,0.0,1.7393334,0.0
0.03150472,0.0,DEV,ALPHATAURI,HARD,56.0,3.0,0.057998662522537256,-0.10291457521188536,0.007081786519773897,-0.0035512364792692533,-0.00418672691830748,-0.0016123892014757238,-0.0070609319175139445,0.009619298320039334,0.07613083654083921,27.5,-33.25545,0.42028636,97.86,0.08,0.0,1.2853333,0.0
0.009354294,0.0,GAS,ALPINE,SOFT,47.0,4.0,-0.01281783637405815,-0.019384994250881186,-0.036725565056335834,0.0017107501702546546,-0.008364451962812073,0.01633186979002375,0.0023462089947131476,-0.009872518917403055,0.07613083654083921,7.0,-6.3650236,-1.6932229,97.589,0.163,7.0,-1.405,1.0
0.022515269,0.0,GAS,ALPINE,SOFT,48.0,4.0,-0.009447682434049552,-0.03014908255892553,-0.03654474998609787,0.0018384808801550079,0.006120866035121607,0.022944104971794003,0.0030004111987138385,-0.011377915651192803,0.07613083654083921,8.0,-7.274313,-1.426218,97.432,-0.157,8.0,-1.3666667,1.0
0.02319411,0.0,GAS,ALPINE,SOFT,49.0,4.0,-0.002235388193959233,-0.030313951275049565,-0.03341169252474454,0.0037752306843838283,-0.004723923859485636,0.02556612284152921,0.0015542600576289034,-0.013147384250147047,0.07613083654083921,9.0,-8.183602,-1.2202553,97.5,0.068,9.0,-1.3306667,1.0
0.034464814,0.0,GAS,ALPINE,SOFT,50.0,4.0,0.004628856280220893,-0.03639311444623841,-0.028585238981606368,0.0059277641405105766,-0.0072669945445581014,0.03211676950406188,0.0038327955037215436,-0.01592685277750696,0.07613083654083921,10.0,-9.092891,-0.8760051,97.609,0.109,10.0,-1.0833334,1.0
0.034942057,0.0,GAS,ALPINE,SOFT,51.0,4.0,0.012661628044814332,-0.046730540348718666,-0.033848294652821694,0.007077787520410292,-0.00206924886128642,0.03527298511899822,0.0030974508417450143,-0.016650554670851553,0.07613083654083921,11.0,-11.1021805,-1.100545,97.604,-0.005,11.0,-0.997,1.0
0.035654645,0.0,GAS,ALPINE,SOFT,52.0,4.0,0.02034385374526347,-0.04838502346981999,-0.035276165701907315,0.007647763756051426,-0.007465747888835138,0.03667536746445339,0.004558123616228975,-0.018574362649113718,0.07613083654083921,12.0,-12.111469,-1.0966127,97.706,0.102,12.0,-0.9766667,1.0
0.057059273,0.0,GAS,ALPINE,SOFT,53.0,4.0,0.031296081703017904,-0.06923240847408577,-0.022623884151058395,0.008160386324318572,0.0052671834540104,0.04261783779825491,0.0034344158347401066,-0.017991175906295793,0.07613083654083921,13.0,-14.420758,-0.7096971,97.589,-0.117,13.0,-0.9406667,1.0
0.044268608,0.0,GAS,ALPINE,SOFT,54.0,4.0,0.033685564724838434,-0.057537187862660606,-0.023686835417291222,0.006628542165567443,-0.013429135580000771,0.03624666581060975,0.003857094649490432,-0.017626914586389167,0.07613083654083921,14.0,-15.530047,-0.7954009,97.778,0.189,14.0,-0.856,1.0
0.06771575,0.0,GAS,ALPINE,SOFT,55.0,4.0,0.043771151769898375,-0.06489654368575759,-0.016624935158627625,0.006723198685016717,-0.0021731849242679338,0.03829246654641324,0.00397795637322729,-0.017485197002187546,0.07613083654083921,15.0,-16.639336,-0.54413426,97.78,0.002,15.0,-0.685,1.0
0.06559851,0.0,GAS,ALPINE,SOFT,56.0,4.0,0.04565739965670964,-0.07175428291002973,-0.009402412239091046,0.0064639270479134,-0.005870128604139831,0.036201433184702064,0.004348093425232121,-0.01617635589639013,0.07613083654083921,16.0,-19.348625,-0.28191364,97.86,0.08,16.0,-0.55266666,1.0
0.060753576,0.0,GAS,ALPINE,SOFT,57.0,4.0,0.04783455090036531,-0.06405244935696322,-0.007230865948574379,0.005739373641333587,-0.014110093784073094,0.03026187044807039,0.0031774130423240926,-0.016997059025821437,0.07613083654083921,17.0,-20.557915,-0.2420134,98.1105,0.2505,17.0,-0.37483335,1.0
0.044004638,0.0,HAM,MERCEDES,HARD,47.0,3.0,0.059188630751131725,-0.07662141037520241,0.006896739985877912,-0.015586451502082195,-0.009345213045804632,-0.010003141145731309,0.0008371095450024138,0.012507536993972291,0.07613083654083921,17.0,-15.457914,0.44267392,97.589,0.163,0.0,0.08466667,0.0
0.06032449,0.0,HAM,MERCEDES,HARD,48.0,3.0,0.06660569971902427,-0.08199822604566306,0.02018981569302167,-0.028611273318313417,0.005848149433320163,-0.00840409313264604,-0.0001774108803487412,0.010740992061108954,0.07613083654083921,18.0,-16.367205,1.3092128,97.432,-0.157,0.0,0.50333333,0.0
0.061968945,0.0,HAM,MERCEDES,HARD,49.0,3.0,0.06894958863708611,-0.07665057232856934,0.011563200435646365,-0.019095060348192864,-0.0032293504218947437,-0.0077801819665967884,0.0,0.012080484418475103,0.07613083654083921,19.0,-17.276493,0.556375,97.5,0.068,0.0,0.53966665,0.0
0.06693472,0.0,HAM,MERCEDES,HARD,50.0,3.0,0.07048775552536586,-0.07652821034606587,0.010651405851369483,-0.012057908001796288,-0.005376758548561029,-0.007947154880299578,0.0,0.011574753540888013,0.07613083654083921,20.0,-18.185781,0.546,97.609,0.109,0.0,0.5913333,0.0
0.047473446,0.0,HAM,MERCEDES,HARD,51.0,3.0,0.06843188980766647,-0.09723689727209203,0.005861996821208512,-0.011260458914096761,0.000822754179902619,-0.00526014637996178,-0.0010665256002230833,0.01104997772501146,0.07613083654083921,21.0,-21.19507,0.35966,97.604,-0.005,0.0,0.285,0.0
0.04891114,0.0,HAM,MERCEDES,HARD,52.0,3.0,0.06899898756376285,-0.09742949076727235,0.009293900960773264,-0.008374005922026048,-0.006568470872915007,-0.006356685034235325,0.002413707900445903,0.010802370175509314,0.07613083654083921,22.0,-22.204361,0.49182352,97.706,0.102,0.0,0.273,0.0
0.03888606,0.0,HAM,MERCEDES,HARD,53.0,3.0,0.0671955135195429,-0.11334967759984771,0.007917740560400939,-0.010131443706977808,0.004622237254516595,-0.004288032668350747,-0.000572840237122757,0.011361717962012727,0.07613083654083921,23.0,-25.513649,0.39017308,97.589,-0.117,0.0,0.22933333,0.0
0.03349726,0.0,HAM,MERCEDES,HARD,54.0,3.0,0.06288862020652067,-0.10333707296997659,0.006695510132209656,-0.006172959509029814,-0.006313351066419826,-0.0053896444085683864,-0.001376741731160147,0.010372061826390586,0.07613083654083921,24.0,-26.622938,0.3788868,97.778,0.189,0.0,0.244,0.0
0.04003363,0.0,HAM,MERCEDES,HARD,55.0,3.0,0.06469221133857775,-0.11318939680269285,0.008320022153095625,-0.005415054150435334,0.000521964364029108,-0.0018241454139036654,-0.0004969822938539481,0.011294145488766566,0.07613083654083921,25.0,-27.732227,0.4562778,97.78,0.002,0.0,0.24,0.0
0.02448123,0.0,HAM,MERCEDES,HARD,56.0,3.0,0.05888155005721146,-0.1163172774185269,0.0036697269375428675,-0.0033213741609287484,-0.0034196211091076026,-0.00315461231692437,-0.0006370308095683883,0.012649039214124337,0.07613083654083921,26.0,-31.441517,0.25063637,97.86,0.08,0.0,0.20033333,0.0
0.021688472,0.0,HAM,MERCEDES,HARD,57.0,3.0,0.05305135547359814,-0.10671005262238394,0.0024333470810899726,0.0013329581302303213,-0.012156736920069116,-0.0020133341188220823,-0.00088295722726809,0.010503052417077116,0.07613083654083921,27.0,-32.650806,0.15334821,98.1105,0.2505,0.0,0.1305,0.0
0.10322374,0.0,HUL,HAAS F1 TEAM,SOFT,47.0,4.0,0.014388205601253269,-0.03588025445286494,0.0465509086250045,-0.011663794541978582,-0.010025181810611955,0.043751496802094926,-0.005357999548471562,-0.014670453808988177,0.07613083654083921,10.0,-9.092891,1.8115381,97.589,0.163,10.0,0.70933336,1.0
0.039681744,0.0,HUL,HAAS F1 TEAM,SOFT,48.0,4.0,0.014507838588691107,-0.03344530703617024,-0.03779433725378629,0.0007233739995281055,0.0074014222988732226,0.03602293640296747,-0.0028350867057358176,-0.02102993300476435,0.07613083654083921,11.0,-10.00218,-1.1719841,97.432,-0.157,11.0,0.54833335,1.0
0.041714016,0.0,HUL,HAAS F1 TEAM,SOFT,49.0,4.0,0.020434803800851633,-0.0344312542603553,-0.0306220972427795,0.002747966057244672,-0.006067841481595104,0.037682313899011326,-0.002316063120531062,-0.021844629218110836,0.07613083654083921,12.0,-10.911469,-0.9399844,97.5,0.068,12.0,0.44766667,1.0
0.050612245,0.0,HUL,HAAS F1 TEAM,SOFT,50.0,4.0,0.028879937607427984,-0.042452547411082175,-0.034560737730875306,0.0069181003360065515,-0.008401480599262181,0.04015078024309517,0.005327266555506666,-0.021379910786626242,0.07613083654083921,13.0,-11.820758,-1.0363928,97.609,0.109,13.0,-0.524,1.0
0.0677252,0.0,HUL,HAAS F1 TEAM,SOFT,51.0,4.0,0.03770293093584107,-0.05310676271771176,-0.02672561163524654,0.007766707905356391,-0.0010532914073970315,0.04207196932840573,0.004939318782910305,-0.02000091615340753,0.07613083654083921,14.0,-14.130048,-0.849065,97.604,-0.005,14.0,-0.436,1.0
0.06708868,0.0,HUL,HAAS F1 TEAM,SOFT,52.0,4.0,0.042186815571908017,-0.049833255290358744,-0.026782026726900676,0.007356583190299936,-0.007718605763128731,0.04016753336586854,0.005502154819245361,-0.019921334876836488,0.07613083654083921,15.0,-15.139337,-0.8696716,97.706,0.102,15.0,-0.43133333,1.0
0.096057914,0.0,HUL,HAAS F1 TEAM,SOFT,53.0,4.0,0.049286976207591135,-0.06384722159555195,-0.003910970127625618,0.002929069359164418,0.006484943813020283,0.04142745166371659,0.004159353683797055,-0.01660254024866741,0.07613083654083921,16.0,-17.748625,-0.13894711,97.589,-0.117,16.0,-0.14466667,1.0
0.08197022,0.0,HUL,HAAS F1 TEAM,SOFT,54.0,4.0,0.04845826145507289,-0.054708816378309974,-0.005343906864006591,0.005558747711894163,-0.012471385132871906,0.03746256682542408,0.002675059754452985,-0.015791141618164264,0.07613083654083921,17.0,-18.857914,-0.17458962,97.778,0.189,17.0,0.072333336,1.0
0.09697051,0.0,HUL,HAAS F1 TEAM,SOFT,55.0,4.0,0.05134652404910951,-0.05633831463131563,0.00426294075092751,0.00119098447713757,-0.0013871237162435095,0.03397265476835047,0.0017608350673179744,-0.013968823843102787,0.07613083654083921,18.0,-19.967203,0.21043982,97.78,0.002,18.0,0.43166667,1.0
0.07777263,0.0,HUL,HAAS F1 TEAM,SOFT,56.0,4.0,0.04749505333587953,-0.060756244972200564,0.004471987055586226,0.0031211668906655195,-0.00668975120311766,0.029347173994067405,-0.001441374498469328,-0.013906214902001257,0.07613083654083921,19.0,-22.976494,0.23214091,97.86,0.08,19.0,0.557,1.0
0.01884811,0.0,MAG,HAAS F1 TEAM,SOFT,47.0,4.0,-0.017296136680376675,-0.02243389152003151,-0.02026100105934604,0.0016203404483393705,-0.009761786312026913,0.019832039442050912,0.0037674668442756677,-0.012749765163946278,0.07613083654083921,7.0,-6.3650236,-0.6784837,97.589,0.163,7.0,-0.31033334,1.0
0.039949976,0.0,MAG,HAAS F1 TEAM,SOFT,48.0,4.0,-0.011064729638453554,-0.034745069607030686,-0.015062162161166463,0.0,0.007326323603042102,0.029080704016145657,0.003632060413363891,-0.015347987258937573,0.07613083654083921,8.0,-7.274313,-0.47123936,97.432,-0.157,8.0,-0.034333333,1.0
0.034325387,0.0,MAG,HAAS F1 TEAM,SOFT,49.0,4.0,-0.00214144963803923,-0.031819238098828084,-0.019191561989806028,0.0014872926410500545,-0.005627754733825297,0.030591452506097055,0.002401235301626207,-0.017505436376121643,0.07613083654083921,9.0,-8.183602,-0.5495469,97.5,0.068,9.0,0.101333335,1.0
0.039360575,0.0,MAG,HAAS F1 TEAM,SOFT,50.0,4.0,0.006359590233978052,-0.03581523939731942,-0.018591675390488234,0.0034879181427710155,-0.00897347181034988,0.03533612664268855,0.001670190817699424,-0.020243700401877583,0.07613083654083921,10.0,-9.092891,-0.515801,97.609,0.109,10.0,0.14466667,1.0
0.076892376,0.0,MAG,HAAS F1 TEAM,SOFT,51.0,4.0,0.019990116839002644,-0.047327562716711534,0.00037786495931680975,0.003453954139010186,-0.0003267001323565284,0.04393049211071313,0.0019838844862430554,-0.021320510280012053,0.07613083654083921,11.0,-11.1021805,0.063895,97.604,-0.005,11.0,0.316,1.0
0.06439693,0.0,MAG,HAAS F1 TEAM,SOFT,52.0,4.0,0.024000457286511293,-0.04278438771887447,-0.0073799610572703265,0.004631547878357519,-0.008623830390029702,0.04135322095524062,-0.0007481466129599275,-0.022182819061837417,0.07613083654083921,12.0,-12.111469,-0.1922598,97.706,0.102,12.0,0.43066666,1.0
0.08630365,0.0,MAG,HAAS F1 TEAM,SOFT,53.0,4.0,0.03340677535564133,-0.05190411879568268,-0.008813969156063353,0.0030276998313615443,0.007277051163034356,0.04576156728330983,3.454592422228071e-05,-0.018616736813807298,0.07613083654083921,13.0,-14.420758,-0.26408172,97.589,-0.117,13.0,0.512,1.0
0.059296966,0.0,MAG,HAAS F1 TEAM,SOFT,54.0,4.0,0.035663393228354975,-0.04765005161483443,-0.014462131657537049,0.004558236158510877,-0.01378641071722785,0.038981883073550126,0.0006774879686405333,-0.020816277381236335,0.07613083654083921,14.0,-15.530047,-0.42589152,97.778,0.189,14.0,0.343,1.0
0.12124301,0.0,MAG,HAAS F1 TEAM,SOFT,55.0,4.0,0.04548622136008007,-0.05292270040634929,0.027064263592011507,0.0001750451386750007,0.0,0.04418483334704772,-0.004837807109847644,-0.014037684981358392,0.07613083654083921,15.0,-16.639336,1.218125,97.78,0.002,15.0,0.81633335,1.0
0.08324619,0.0,MAG,HAAS F1 TEAM,SOFT,56.0,4.0,0.045167504272075096,-0.05013585987762034,-0.0038054431324826333,0.003521749554298776,-0.004703271613409286,0.03792096727246526,-0.004144580308793388,-0.016705716331754713,0.07613083654083921,16.0,-19.348625,-0.06565909,97.86,0.08,16.0,0.887,1.0
0.015614282,0.0,NOR,MCLAREN,HARD,47.0,4.5,0.004228673903261438,-0.040855871413657256,-0.008272473758392683,-0.007555284125212512,-0.009168557304276573,-0.013226958474836464,0.0017021224646522337,0.012631794507433935,0.07613083654083921,10.0,-9.092891,-0.2915489,97.589,0.163,0.0,0.022333333,0.0
0.05006476,0.0,NOR,MCLAREN,SOFT,48.0,4.5,-0.02662627408043709,-0.021910599997686665,0.04851328414332992,-0.0227740714166723,0.005355052840528063,0.012233063059099316,-0.011740370611352703,-0.009116166736621837,0.07613083654083921,5.0,-4.5464454,2.5862286,97.432,-0.157,5.0,1.0226667,1.0
0.03034306,0.0,NOR,MCLAREN,SOFT,49.0,4.5,-0.01729584858001851,-0.016081765702585953,0.0784009378231237,-0.036079433898052606,-0.0025956893592388314,0.015680712194661457,-0.05851563869214732,-0.009301058326773802,0.07613083654083921,6.0,-5.4557347,5.943521,97.5,0.068,6.0,3.18425,1.0
0.009496466,0.0,NOR,MCLAREN,SOFT,50.0,4.5,-0.011087810486950211,-0.018501196553138415,0.012852963164899625,-0.0060612924255219955,-0.004446445123321159,0.016343873385239845,-0.04665139127689574,-0.009083074693763356,0.07613083654083921,7.0,-7.065024,0.9107959,97.609,0.109,7.0,3.65225,1.0
0.0025092128,0.0,NOR,MCLAREN,SOFT,51.0,4.5,-0.004848859921540902,-0.01599373436183315,-0.04350700908540914,-0.0018152009947963938,-0.0009919652593976258,0.015221693509778133,-0.013241636922172203,-0.008444910685608558,0.07613083654083921,8.0,-8.074313,-2.84906,97.604,-0.005,8.0,1.8695834,1.0
0.0073785093,0.0,NOR,MCLAREN,SOFT,52.0,4.5,-0.0014732267582097114,-0.028189294881863662,-0.05039662342108019,0.0033208833867539463,-0.006539352964715841,0.021522389643458248,0.004029002336658784,-0.011026104613676146,0.07613083654083921,9.0,-9.983602,-2.3392744,97.706,0.102,9.0,-0.92,1.0
0.018377641,0.0,NOR,MCLAREN,SOFT,53.0,4.5,0.0052782269003153115,-0.04150688560145647,-0.04391571236253146,0.003995775290997848,0.003879673478429827,0.027195439870496146,-0.001786215606248795,-0.01089349543227602,0.07613083654083921,10.0,-11.092891,-1.8558847,97.589,-0.117,10.0,-1.8893334,1.0
0.016860612,0.0,NOR,MCLAREN,SOFT,54.0,4.5,0.010954766865759823,-0.038724473747133684,-0.041571291763024716,0.005544612200351501,-0.011441784963165108,0.027474201588268084,0.001307517983465692,-0.01281377296858636,0.07613083654083921,11.0,-12.20218,-1.6648679,97.778,0.189,11.0,-1.533,1.0
0.05206668,0.0,NOR,MCLAREN,SOFT,55.0,4.5,-0.019425330541017728,-0.05465698941846667,0.03547995536818207,-0.0031618982387053673,-0.00018477925528567057,0.025570099383389732,0.0037863189672688005,-0.011471532762268604,0.07613083654083921,7.0,-8.465024,1.5920926,97.78,0.002,7.0,-0.23533334,1.0
0.02726059,0.0,PER,RED BULL RACING,HARD,47.0,3.0,0.030063638881841166,-0.06395572030025011,0.0059737514199182645,-0.013191722804935956,-0.00838764283686887,-0.013767308141351351,0.002049342936886814,0.012345420236523715,0.07613083654083921,13.0,-11.820758,0.44026086,97.589,0.163,0.0,-0.357,0.0
0.031096773,0.0,PER,RED BULL RACING,HARD,48.0,3.0,0.038181146658161726,-0.07305698091390507,-0.00034338787395725434,-0.015445108271154296,0.006029901178855938,-0.01383785438860735,0.0018688012879091425,0.011569411553366165,0.07613083654083921,14.0,-12.730047,0.0012340426,97.432,-0.157,0.0,-0.5336667,0.0
0.029895093,0.0,PER,RED BULL RACING,HARD,49.0,3.0,0.04657264890285409,-0.0765428579938987,0.0020992050700956444,-0.015398579732816066,-0.004379066870072545,-0.01286651736199733,0.002574497032106203,0.0117049277048874,0.07613083654083921,15.0,-13.639337,0.1285,97.5,0.068,0.0,-0.58133334,0.0
0.031967096,0.0,PER,RED BULL RACING,HARD,50.0,3.0,0.05094911672136912,-0.08110062004461442,0.0030135473565064694,-0.01192798046807587,-0.006411260371165959,-0.01104880095162862,0.0008474879474030736,0.011514769300079122,0.07613083654083921,16.0,-14.548626,0.20522448,97.609,0.109,0.0,-0.6573333,0.0
0.048882414,0.0,PER,RED BULL RACING,HARD,51.0,3.0,0.06073972832099358,-0.08935785774845187,0.014360753788002223,-0.015853355612450513,0.0010386415801533835,-0.011314009165083157,0.0021945270274076802,0.010943148924108944,0.07613083654083921,17.0,-15.457914,0.87438,97.604,-0.005,0.0,-0.358,0.0
0.02960676,0.0,PER,RED BULL RACING,HARD,52.0,3.0,0.059229739953113585,-0.09706446393311036,0.0006753416875934157,-0.008974697979159913,-0.006914335338740983,-0.008022100131893865,0.003957730371073955,0.010588699065246452,0.07613083654083921,18.0,-18.167204,0.08860784,97.706,0.102,0.0,-0.36333334,0.0
0.035821993,0.0,PER,RED BULL RACING,HARD,53.0,3.0,0.06511684653680856,-0.10665367105475514,0.002476424456533791,-0.01193115680836261,0.005657447374310101,-0.007624804161711208,0.0009627106513189349,0.011687359368966187,0.07613083654083921,19.0,-19.176493,0.21440385,97.589,-0.117,0.0,-0.35233334,0.0
0.022802908,0.0,PER,RED BULL RACING,HARD,54.0,3.0,0.06095164253774731,-0.11041719441463657,0.003709788269817264,-0.006877588887604471,-0.009558374027317162,-0.0043710850835855745,0.002673022742567456,0.010561860295700444,0.07613083654083921,20.0,-22.185781,0.30258492,97.778,0.189,0.0,-0.539,0.0
0.025906209,0.0,PER,RED BULL RACING,HARD,55.0,3.0,0.06547531369756623,-0.12107298432935418,0.003556223416244016,-0.005774463928419065,-0.0002855574447622397,-0.006023045543033685,0.0029797583874642693,0.010920133693988306,0.07613083654083921,21.0,-23.29507,0.24692592,97.78,0.002,0.0,-0.48133335,0.0
0.0225757,0.0,PER,RED BULL RACING,HARD,56.0,3.0,0.06292760390612288,-0.11721033358687581,-0.0006191673740474868,-0.004187011971845454,-0.00318610535641098,-0.002931694077863823,0.0008775548867084038,0.010774023276888067,0.07613083654083921,22.0,-24.40436,-0.0364,97.86,0.08,0.0,-0.56166667,0.0
0.010322027,0.0,PER,RED BULL RACING,HARD,57.0,3.0,0.05841614586916051,-0.10997722709290167,-0.013452537350835327,0.0025840324374116637,-0.013171098343803096,-0.001726697932525001,0.002762329131047027,0.00875624365000435,0.07613083654083921,23.0,-27.81365,-0.79936606,98.1105,0.2505,0.0,-0.9325,0.0
0.03578369,0.0,RUS,MERCEDES,HARD,47.0,3.0,0.05227271493890847,-0.07239663952567346,-0.00036082540892798387,-0.014220803143960053,-0.00903493112812599,-0.010796027449837719,0.003349337820983604,0.010840011923731775,0.07613083654083921,16.0,-14.548626,0.08467935,97.589,0.163,0.0,0.083333336,0.0
0.045537096,0.0,RUS,MERCEDES,HARD,48.0,3.0,0.06005994331806329,-0.08180236759245438,0.000994229584364216,-0.01953817750418012,0.008146259614270887,-0.01220410133735453,0.002762101688147075,0.01098837120522443,0.07613083654083921,17.0,-15.457914,0.10049468,97.432,-0.157,0.0,-0.042666666,0.0
0.043594256,0.0,RUS,MERCEDES,HARD,49.0,3.0,0.06198217025466555,-0.08115142485763104,0.0008200909633690259,-0.01597412646087918,-0.003320208942245691,-0.008886952632479732,0.002354236042171938,0.01163963513562406,0.07613083654083921,18.0,-16.367205,0.11798438,97.5,0.068,0.0,0.00066666666,0.0
0.048158593,0.0,RUS,MERCEDES,HARD,50.0,3.0,0.0672877323592976,-0.08510297108995082,0.003150940341220788,-0.011650836410022588,-0.005958747054126674,-0.009419787937146207,0.0027907023163452165,0.010930709508200924,0.07613083654083921,19.0,-17.276493,0.2027602,97.609,0.109,0.0,0.043,0.0
0.034769997,0.0,RUS,MERCEDES,HARD,51.0,3.0,0.06452565950707011,-0.09866949471871142,-0.0020301284091256023,-0.011234537686678842,0.0009238826126392735,-0.008324707788593176,0.0038263052455080374,0.009622166796585487,0.07613083654083921,20.0,-20.185781,-0.124695,97.604,-0.005,0.0,-0.030666666,0.0
0.03905144,0.0,RUS,MERCEDES,HARD,52.0,3.0,0.06613555566355761,-0.09898579676455176,0.0040922807204725005,-0.008484953877639374,-0.004815977417634596,-0.006374145909997132,0.0010108763652783778,0.01034275684219843,0.07613083654083921,21.0,-21.19507,0.21108334,97.706,0.102,0.0,0.0023333333,0.0
0.030776694,0.0,RUS,MERCEDES,HARD,53.0,3.0,0.06602314208514713,-0.11480683914888139,0.0019453031398112969,-0.010317486013087516,0.004443741643507123,-0.006288226897355363,0.0030424573588305076,0.010603765708188818,0.07613083654083921,22.0,-24.40436,0.0903125,97.589,-0.117,0.0,-0.034,0.0
0.028493276,0.0,RUS,MERCEDES,HARD,54.0,3.0,0.06223174693129702,-0.10371875644733478,0.0026113968246853567,-0.004611771761417243,-0.009681740522510729,-0.005570533935965811,-0.00025713710076688545,0.011359222298570242,0.07613083654083921,23.0,-25.513649,0.15041982,97.778,0.189,0.0,0.060666665,0.0
0.03364497,0.0,RUS,MERCEDES,HARD,55.0,3.0,0.06401986775398023,-0.11270976100709054,0.004566315533009075,-0.0051905158729044585,-7.33087751884215e-05,-0.005120886885544139,0.0010804134832058262,0.010942009736122882,0.07613083654083921,24.0,-26.622938,0.22615278,97.78,0.002,0.0,0.06866667,0.0
0.02164545,0.0,RUS,MERCEDES,HARD,56.0,3.0,0.058619001649076505,-0.11495721341113425,0.002687650378316594,-0.0028711872890742718,-0.004310029237065135,-0.005571113091446517,0.0016165421043958655,0.010300970771242637,0.07613083654083921,25.0,-30.232227,0.08164091,97.86,0.08,0.0,0.06866667,0.0
0.016218917,0.0,RUS,MERCEDES,HARD,57.0,3.0,0.055238655178954515,-0.10553839692579652,-0.00682086702792523,0.0002059808956476547,-0.011514458093304607,-0.0030279451062432887,-0.0003256222035116075,0.011870734185688204,0.07613083654083921,26.0,-31.441517,-0.38584375,98.1105,0.2505,0.0,-0.1105,0.0
0.04612628,0.0,SAI,FERRARI,HARD,47.0,3.0,0.05156779188002231,-0.060489525873272165,0.008154333249974048,-0.017835941618290784,-0.009004556666844882,-0.010629936585434069,-0.003953969096928724,0.012187233248718093,0.07613083654083921,16.0,-14.548626,0.494,97.589,0.163,0.0,0.85333335,0.0
0.057012238,0.0,SAI,FERRARI,HARD,48.0,3.0,0.05874391894551412,-0.06763974896845469,0.016597352263873797,-0.027726441504701455,0.007929272320854587,-0.010096235528805049,-0.007716175621050446,0.010789470336233585,0.07613083654083921,17.0,-15.457914,1.0071064,97.432,-0.157,0.0,1.06,0.0
0.05769032,0.0,SAI,FERRARI,HARD,49.0,3.0,0.06389310155166514,-0.07281230243974143,0.009872616202777386,-0.018836771617549066,-0.001897890353262443,-0.00887696083310529,-0.00047081757461539184,0.010688507196840993,0.07613083654083921,18.0,-16.367205,0.6013125,97.5,0.068,0.0,0.48066667,0.0
0.056835447,0.0,SAI,FERRARI,HARD,50.0,3.0,0.06937701702043371,-0.07918207481869567,0.00806627294390293,-0.014529156187840236,-0.007370724002509073,-0.00846867669313238,0.0007121952208518946,0.01209974158172708,0.07613083654083921,19.0,-17.276493,0.3529592,97.609,0.109,0.0,0.44766667,0.0
0.04181291,0.0,SAI,FERRARI,HARD,51.0,3.0,0.06580222742619259,-0.09697176940547216,0.0033382412823506754,-0.012058222515375135,0.00046292678085777667,-0.00657428846844554,0.0012229125236282383,0.010460047465101166,0.07613083654083921,20.0,-20.185781,0.19302,97.604,-0.005,0.0,0.18433334,0.0
0.03883281,0.0,SAI,FERRARI,HARD,52.0,3.0,0.06663761709967979,-0.0987595838898847,0.003125470663509567,-0.006856536126592358,-0.007321158259503798,-0.0068583744472547475,0.0018048200509585485,0.010929718144316222,0.07613083654083921,21.0,-21.19507,0.15590195,97.706,0.102,0.0,0.040666666,0.0
0.030641532,0.0,SAI,FERRARI,HARD,53.0,3.0,0.06469952564159963,-0.11457633402360957,0.0010803987988862035,-0.010036503763676556,0.005993024475334513,-0.005791048326634894,0.001582859308029797,0.011558793410074179,0.07613083654083921,22.0,-24.40436,0.08915385,97.589,-0.117,0.0,-0.044333335,0.0
0.026349412,0.0,SAI,FERRARI,HARD,54.0,3.0,0.061781572309029545,-0.10503253765917474,-0.0002259981522575935,-0.004078336559213221,-0.009718320820971299,-0.00501364465407743,0.001936191674659992,0.010569649598506422,0.07613083654083921,23.0,-25.513649,0.06883019,97.778,0.189,0.0,-0.08366667,0.0
0.03014541,0.0,SAI,FERRARI,HARD,55.0,3.0,0.06341847552284119,-0.11573418671104022,0.0026442971544594364,-0.004262401147883209,0.0009239264191846924,-0.003964471220537054,0.0008359860387979936,0.010152947851650709,0.07613083654083921,24.0,-26.622938,0.09896296,97.78,0.002,0.0,-0.101,0.0
0.020853179,0.0,SAI,FERRARI,HARD,56.0,3.0,0.06029454740176258,-0.12000216889144676,0.0018572871068791763,-0.0027371685147959805,-0.004881090139474778,-0.0021807900227692675,0.0013050142652469426,0.011066714554684123,0.07613083654083921,25.0,-30.232227,0.14330909,97.86,0.08,0.0,-0.081,0.0
0.020320041,0.0,SAI,FERRARI,HARD,57.0,3.0,0.05624325579560975,-0.1108506549488679,0.0024726879475820665,-1.981647787711871e-05,-0.011536795531862255,-0.0030919658904680603,-0.0005650500608661472,0.011537540005771322,0.07613083654083921,26.0,-31.441517,0.19427678,98.1105,0.2505,0.0,-0.0365,0.0
0.030477898,0.0,SAR,WILLIAMS,SOFT,47.0,4.0,-0.0192536143368696,-0.02670847483198268,0.003914800897464207,-0.0007002319719107922,-0.01087558085862398,0.022466366162286595,-0.0004903552466899233,-0.014005855609707702,0.07613083654083921,7.0,-6.3650236,0.26705435,97.589,0.163,7.0,0.35866666,1.0
0.030993747,0.0,SAR,WILLIAMS,SOFT,48.0,4.0,-0.010338494100034575,-0.029302220485786363,-0.022673339456006608,0.0,0.006839736856996455,0.025992169626878215,0.0006674304114976382,-0.01632237280078942,0.07613083654083921,8.0,-7.274313,-0.7731383,97.432,-0.157,8.0,0.22766666,1.0
0.02400041,0.0,SAR,WILLIAMS,SOFT,49.0,4.0,-0.0023279796617295162,-0.02899826050191547,-0.029775770127821836,0.001995311668437194,-0.005248639031029698,0.028003653888186403,0.0014970951152119827,-0.017275837899629186,0.07613083654083921,9.0,-8.183602,-0.9793021,97.5,0.068,9.0,0.071666665,1.0
0.03134448,0.0,SAR,WILLIAMS,SOFT,50.0,4.0,0.005579657975044335,-0.034869483547866585,-0.030354105639653416,0.0038140591588125988,-0.007969071248810671,0.03234491199518918,0.004604220536316733,-0.01793655985848299,0.07613083654083921,10.0,-9.092891,-0.91229594,97.609,0.109,10.0,-0.34033334,1.0
0.042481314,0.0,SAR,WILLIAMS,SOFT,51.0,4.0,0.014501039327551887,-0.047175955998296444,-0.026868736721504746,0.005176751746409159,-0.001013476637841175,0.03712043569229707,0.00452024412544843,-0.01990982368400564,0.07613083654083921,11.0,-11.1021805,-0.82545,97.604,-0.005,11.0,-0.37666667,1.0
0.046155915,0.0,SAR,WILLIAMS,SOFT,52.0,4.0,0.022356327819577162,-0.04686306065814795,-0.025266699000203646,0.0061544712449485665,-0.008139685778792408,0.038109819906605544,0.004769454527425901,-0.021095549937983894,0.07613083654083921,12.0,-12.111469,-0.73083335,97.706,0.102,12.0,-0.31066668,1.0
0.067717746,0.0,SAR,WILLIAMS,SOFT,53.0,4.0,0.03142139398127575,-0.061431170556161256,-0.020190327834192296,0.006269522027093824,0.007610698810184369,0.04257224819816506,0.004430166122296856,-0.019095621389347405,0.07613083654083921,13.0,-14.420758,-0.61772114,97.589,-0.117,13.0,-0.227,1.0
0.053723074,0.0,SAR,WILLIAMS,SOFT,54.0,4.0,0.035415686403965155,-0.05284760849714567,-0.019623007982595038,0.005605194759168743,-0.014246818629124369,0.03921786193204208,0.004386106744649128,-0.020315176776006857,0.07613083654083921,14.0,-15.530047,-0.5893868,97.778,0.189,14.0,-0.161,1.0
0.08678714,0.0,SAR,WILLIAMS,SOFT,55.0,4.0,0.04521982134948665,-0.05897653778169548,-0.007854754097087831,0.00588963436026157,-0.0011664810641914339,0.041390719187026345,0.004876370271753586,-0.018722466906861215,0.07613083654083921,15.0,-16.639336,-0.31150925,97.78,0.002,15.0,-0.031,1.0
0.079713754,0.0,SAR,WILLIAMS,SOFT,56.0,4.0,0.04483539265285581,-0.06342589292836753,-0.0003463972923184932,0.005573502547765618,-0.005545072906632421,0.03713842560270438,0.001179409075473364,-0.015826463837573697,0.07613083654083921,16.0,-19.348625,-0.0113,97.86,0.08,16.0,0.16533333,1.0
0.037815932,0.0,STR,ASTON MARTIN,HARD,47.0,3.0,0.05630285847937512,-0.07581091164514477,-0.0008961548866022323,-0.012638507204325557,-0.007684208384017956,-0.011386189714717186,0.0015457961281017327,0.012252412870949405,0.07613083654083921,17.0,-15.457914,0.05861413,97.589,0.163,0.0,-0.050333332,0.0
0.044172436,0.0,STR,ASTON MARTIN,HARD,48.0,3.0,0.0631817208336058,-0.08658174343644247,-0.0033152681971706463,-0.017034812726622717,0.006833787358417975,-0.009264370719773256,0.002079428896148816,0.012142868625784797,0.07613083654083921,18.0,-16.367205,-0.08748404,97.432,-0.157,0.0,-0.13533333,0.0
0.04388549,0.0,STR,ASTON MARTIN,HARD,49.0,3.0,0.06481194359478289,-0.08403390480009482,0.0008234750552706671,-0.013674626617007985,-0.0051892020415168815,-0.009008109680403064,0.003110592654063703,0.010914487082453576,0.07613083654083921,19.0,-17.276493,0.034776043,97.5,0.068,0.0,-0.08466667,0.0
0.04547269,0.0,STR,ASTON MARTIN,HARD,50.0,3.0,0.06965480789450033,-0.08871745659288184,-0.0002521067639693689,-0.009996221251329904,-0.0054493217893209125,-0.009064897342585618,0.0022928466099560877,0.0108741904918711,0.07613083654083921,20.0,-18.185781,0.028188776,97.609,0.109,0.0,-0.095,0.0
0.03502209,0.0,STR,ASTON MARTIN,HARD,51.0,3.0,0.06579060037634721,-0.10067268247030219,-0.003010517262058978,-0.009419032681857467,-0.00012576101453754077,-0.005868318949110696,0.0001763740433461808,0.01202057763665456,0.07613083654083921,21.0,-21.19507,-0.127215,97.604,-0.005,0.0,-0.108666666,0.0
0.04034013,0.0,STR,ASTON MARTIN,HARD,52.0,3.0,0.06741574628390214,-0.10105402539636082,0.003700635531034449,-0.007185934669469998,-0.004908203260361411,-0.006987038873201243,0.002292139774788579,0.01093599198133139,0.07613083654083921,22.0,-22.204361,0.24390686,97.706,0.102,0.0,-0.038,0.0
0.031615473,0.0,STR,ASTON MARTIN,HARD,53.0,3.0,0.06297101787022788,-0.11289776795164995,0.0027587213060296205,-0.008524485567001389,0.00407780779133489,-0.004646267823188642,0.002377151308767006,0.009368459854662276,0.07613083654083921,23.0,-25.513649,0.07248557,97.589,-0.117,0.0,-0.022,0.0
0.037129927,0.0,STR,ASTON MARTIN,HARD,54.0,3.0,0.06419853653099701,-0.10625595478589456,0.01274072402420466,-0.006614513251057424,-0.008091375110110623,-0.003523277105302644,-0.00044815986038003464,0.008993110443281016,0.07613083654083921,24.0,-26.622938,0.6705896,97.778,0.189,0.0,0.25033334,0.0
0.031630896,0.0,STR,ASTON MARTIN,HARD,55.0,3.0,0.0649922776854599,-0.11106987979193433,-0.0016108322214884545,-0.0030786452812791667,-0.00021191895363579377,-0.0031031776122254847,-0.000879375516594147,0.010461581380392413,0.07613083654083921,25.0,-27.732227,-0.111310184,97.78,0.002,0.0,0.136,0.0
0.020880125,0.0,STR,ASTON MARTIN,HARD,56.0,3.0,0.05720125286804852,-0.11304993546228466,-0.0005945633739241543,-0.0034971358957356802,-0.004816249035526585,-0.002045020521713669,0.00010521299503733761,0.011445736661494291,0.07613083654083921,26.0,-31.441517,-0.08572273,97.86,0.08,0.0,0.086333334,0.0
0.019174222,0.0,STR,ASTON MARTIN,HARD,57.0,3.0,0.054073606136615764,-0.10942744849556076,0.0011903184583862139,0.00014594832477842629,-0.012541613535610846,-0.002605635193641874,0.002036369450973901,0.010171832765725072,0.07613083654083921,27.0,-32.650806,0.07147768,98.1105,0.2505,0.0,-0.11416667,0.0
0.035250958,0.0,TSU,ALPHATAURI,SOFT,47.0,4.0,0.006039010857025049,-0.03570626002791507,-0.022654092310015563,0.004779219459375521,-0.012273718966333988,0.03339046748237657,0.004508304326104072,-0.018962794405036815,0.07613083654083921,10.0,-9.092891,-0.67666304,97.589,0.163,10.0,-0.315,1.0
0.076828845,0.0,TSU,ALPHATAURI,SOFT,48.0,4.0,0.018999116687699196,-0.048491028401603596,-0.014679268388318392,0.004731350891590491,0.009464452225155138,0.04488075516877668,0.005451067787243273,-0.019658437666087054,0.07613083654083921,11.0,-10.00218,-0.40975532,97.432,-0.157,11.0,-0.26966667,1.0
0.060886685,0.0,TSU,ALPHATAURI,SOFT,49.0,4.0,0.024024200231630405,-0.0434875066637659,-0.01976334532290253,0.004650826365950977,-0.006358353944073456,0.04334090313547158,0.004904179233650382,-0.022555047321065273,0.07613083654083921,12.0,-10.911469,-0.58628124,97.5,0.068,12.0,-0.222,1.0
0.07715156,0.0,TSU,ALPHATAURI,SOFT,50.0,4.0,0.03306891874392876,-0.04296093435364772,-0.014153425974437264,0.006293924619802702,-0.009514974697939743,0.045179832946013326,0.005245026412968954,-0.02213766729599991,0.07613083654083921,13.0,-11.820758,-0.3970102,97.609,0.109,13.0,-0.13866666,1.0
0.09717233,0.0,TSU,ALPHATAURI,SOFT,51.0,4.0,0.04061562836925131,-0.05091683485780608,-0.009576518972767843,0.0062447187862098835,0.0006988174521020407,0.04775167801759197,0.004491811455809315,-0.01826780945158062,0.07613083654083921,14.0,-14.130048,-0.29009,97.604,-0.005,14.0,-0.107666664,1.0
0.09829282,0.0,TSU,ALPHATAURI,SOFT,52.0,4.0,0.046724560939469154,-0.046663343057228225,-0.00894823842781877,0.007063619698869426,-0.005487139482125144,0.04435616807553081,0.0034503767939511217,-0.01833405072818941,0.07613083654083921,15.0,-15.139337,-0.3040098,97.706,0.102,15.0,-0.020333333,1.0
0.09382725,0.0,TSU,ALPHATAURI,SOFT,53.0,4.0,0.048298282393240806,-0.0615792416395295,-0.008679558920673076,0.0033658798260579425,0.007863994636306465,0.04095187381370265,0.002945291104477655,-0.015470110134793248,0.07613083654083921,16.0,-17.748625,-0.29718268,97.589,-0.117,16.0,0.007,1.0
0.07739225,0.0,TSU,ALPHATAURI,SOFT,54.0,4.0,0.04990535779311309,-0.055139718399779616,-0.00989703847235918,0.005979852012456999,-0.012296297712042424,0.035497945195972505,0.004028320126745905,-0.016816969532589775,0.07613083654083921,17.0,-18.857914,-0.39361322,97.778,0.189,17.0,-0.034,1.0
0.08259537,0.0,TSU,ALPHATAURI,SOFT,55.0,4.0,0.05044181977374381,-0.06063674473874883,-0.010110697780565192,0.0036745569645212184,0.0006173990944096774,0.03460069222119651,0.004555536651487478,-0.01667806526989078,0.07613083654083921,18.0,-19.967203,-0.34412038,97.78,0.002,18.0,-0.054,1.0
0.06745933,0.0,TSU,ALPHATAURI,SOFT,56.0,4.0,0.05028202812776031,-0.067602412700646,-0.0031161362183917997,0.0034023397350826687,-0.006011840897852918,0.027498134741264068,0.0013154667649461996,-0.014439101031432528,0.07613083654083921,19.0,-22.976494,-0.1955,97.86,0.08,19.0,-0.026,1.0
0.058669727,0.0,TSU,ALPHATAURI,SOFT,57.0,4.0,0.04690875584433902,-0.05920898432548555,-0.00763902948761543,0.007064442707734278,-0.01455895802117374,0.02295459336529731,0.0018749511752342088,-0.014856865602370987,0.07613083654083921,20.0,-24.185781,-0.2838393,98.1105,0.2505,20.0,0.0055,1.0
0.017781813,0.0,VER,RED BULL RACING,HARD,47.0,3.0,0.012600416084081554,-0.05321483848181512,-0.0012199491710456157,-0.007777535733090807,-0.009026534438581197,-0.013706858950363695,0.0014466845947975968,0.012549601566052839,0.07613083654083921,11.0,-10.00218,0.053201087,97.589,0.163,0.0,-0.76066667,0.0
0.031028481,0.0,VER,RED BULL RACING,HARD,48.0,3.0,0.023105165924162573,-0.06514857891916623,0.007433022271491838,-0.016306283965099786,0.0075819163164224,-0.015342541832074461,0.0028789726767517315,0.01069597963759072,0.07613083654083921,12.0,-10.911469,0.5071755,97.432,-0.157,0.0,-0.574,0.0
0.026993502,0.0,VER,RED BULL RACING,HARD,49.0,3.0,0.03242516088754674,-0.06849466123055827,0.005090196565303811,-0.01559949928207633,-0.005400506371715662,-0.012922630678704741,0.002454587377438873,0.013310023711290723,0.07613083654083921,13.0,-11.820758,0.34092188,97.5,0.068,0.0,-0.631,0.0
0.029295417,0.0,VER,RED BULL RACING,HARD,50.0,3.0,0.039908133823503014,-0.07275763305230444,0.00436004841373056,-0.013531639736679533,-0.007203482471975434,-0.01197500422663925,0.0015733746039823943,0.012790782654391623,0.07613083654083921,14.0,-12.730047,0.27029082,97.609,0.109,0.0,-0.5506667,0.0
0.036929768,0.0,VER,RED BULL RACING,HARD,51.0,3.0,0.04944587706466475,-0.082862320506229,0.00892072622955691,-0.016692363875820484,0.0012696695233637353,-0.012902570641941623,0.0012479818712969471,0.012371920197238906,0.07613083654083921,15.0,-13.639337,0.552025,97.604,-0.005,0.0,-0.5276667,0.0
0.031287845,0.0,VER,RED BULL RACING,HARD,52.0,3.0,0.052607258968375495,-0.09206989996325379,0.01012201956458122,-0.012384153583984377,-0.0061074942107724305,-0.012114955539152329,0.0036063709571486427,0.011497855039779835,0.07613083654083921,16.0,-16.148626,0.6147304,97.706,0.102,0.0,-0.42666668,0.0
0.032481235,0.0,VER,RED BULL RACING,HARD,53.0,3.0,0.05821556884474469,-0.098985282711433,0.003633499432140383,-0.015677575238780533,0.005801440652824837,-0.009818094915612282,0.002036835158886967,0.011143991855902277,0.07613083654083921,17.0,-17.157915,0.21942788,97.589,-0.117,0.0,-0.43433332,0.0
0.019228065,0.0,VER,RED BULL RACING,HARD,54.0,3.0,0.05577207608301345,-0.10256927828059108,-0.0015411217020662661,-0.004164963641207814,-0.00950950478694768,-0.0076367147503526665,0.0018320858299945494,0.010914650093732823,0.07613083654083921,18.0,-19.967203,0.0014009434,97.778,0.189,0.0,-0.61233336,0.0
0.018364612,0.0,VER,RED BULL RACING,HARD,55.0,3.0,0.06092517405565734,-0.1165367000439708,-0.005471399436557728,-0.006648888473895588,0.0005865924907644815,-0.004596014297005456,0.0018640333527572064,0.012110970373932323,0.07613083654083921,19.0,-21.076492,-0.20866203,97.78,0.002,0.0,-0.88666666,0.0
0.014205935,0.0,VER,RED BULL RACING,HARD,56.0,3.0,0.06196905252741251,-0.11565424641909716,-0.012184429211205952,-0.001742068126923954,-0.002774054951322525,-0.004452869868358395,0.0002795517503946729,0.012634156650158792,0.07613083654083921,20.0,-22.185781,-0.6329409,97.86,0.08,0.0,-1.176,0.0
0.0122678075,0.0,VER,RED BULL RACING,HARD,57.0,3.0,0.05825196779727454,-0.12109094267687714,-0.0005355060712114307,0.0032111013330451215,-0.012106655261589666,-0.0031726936460605027,0.0014647058088812738,0.010114989017659979,0.07613083654083921,21.0,-25.395071,-0.00043303572,98.1105,0.2505,0.0,-1.1818334,0.0
0.11130437,0.0,ZHO,ALFA ROMEO,SOFT,47.0,3.0,0.05364223035860877,-0.030180672155571832,-0.0017210405519502141,0.0018290431106977104,-0.009692990114695703,0.04099093762019803,-0.003562837628506898,-0.01613113463056208,0.07613083654083921,18.0,-16.367205,-0.033945654,97.589,0.163,18.0,0.6753333,1.0
0.12869272,0.0,ZHO,ALFA ROMEO,SOFT,48.0,3.0,0.04920217106690103,-0.03969502130700404,0.023850800768146944,-0.004856980251605907,0.007643040741246255,0.03540263462724577,-0.008565024877172658,-0.010419755849665648,0.07613083654083921,19.0,-17.276493,1.3115425,97.432,-0.157,19.0,1.1306666,1.0
0.10637048,0.0,ZHO,ALFA ROMEO,SOFT,49.0,3.0,0.051642400435097546,-0.02735683703882787,0.004387296053741851,-0.00040688771433158855,-0.0017565012709390415,0.031083323555637598,-0.012217636117003149,-0.01513551557573007,0.07613083654083921,20.0,-18.185781,0.28057292,97.5,0.068,20.0,1.3213333,1.0
0.10099957,0.0,ZHO,ALFA ROMEO,SOFT,50.0,3.0,0.05542513331911102,-0.029327906169974507,0.0031248971484649844,4.483769940433896e-05,-0.006033941019153103,0.02959626779374728,-0.012904069645417642,-0.015056484284022164,0.07613083654083921,21.0,-19.095072,0.19941837,97.609,0.109,21.0,1.412,1.0
0.0984599,0.0,ZHO,ALFA ROMEO,SOFT,51.0,3.0,0.046521821618789344,-0.04398123874138636,0.022723146352903442,-0.0015606994182223877,-0.0009256076148440665,0.02407336532152883,-0.01281475915381181,-0.011706987832031404,0.07613083654083921,22.0,-22.204361,1.44003,97.604,-0.005,22.0,1.468,1.0
0.081060596,0.0,ZHO,ALFA ROMEO,SOFT,52.0,3.0,0.04916338055040411,-0.03806345326546731,0.0008134102106454738,0.001505648740785951,-0.006491892782255486,0.019905647441509355,-0.009488337603628246,-0.012414644022419702,0.07613083654083921,23.0,-23.21365,0.16081372,97.706,0.102,23.0,1.4403334,1.0
0.069088586,0.0,ZHO,ALFA ROMEO,SOFT,53.0,3.0,0.04432557112940437,-0.054280815852328676,0.003929461927756623,-0.001250051352190076,0.0031821635281487405,0.019894159818642444,-0.009884864210297033,-0.01295787585521288,0.07613083654083921,24.0,-26.622938,0.26658654,97.589,-0.117,24.0,1.4753333,1.0
0.06302414,1.0,ZHO,ALFA ROMEO,SOFT,54.0,3.0,0.04551365800786294,-0.048816941302559626,-0.0019076373701146418,0.0026750957695673393,-0.0088636881711118,0.015163882901800034,-0.004508581085376641,-0.01236249184707442,0.07613083654083921,25.0,-27.732227,-0.0013867924,97.778,0.189,25.0,0.99766666,1.0
0.035197444,0.0,ZHO,ALFA ROMEO,SOFT,55.0,4.0,-0.030679472290060635,-0.01786652694127196,0.05629293953178468,-0.017202870171176506,-0.0003213320835139116,0.00794200682612849,-0.029888064048402295,-0.009210073104206688,0.07613083654083921,4.0,-4.437156,3.2679536,97.78,0.002,4.0,2.0556667,1.0
0.02199759,0.0,ZHO,ALFA ROMEO,SOFT,56.0,4.0,-0.020309303645324486,-0.01978556521019771,0.06848666031407502,-0.020435213818452275,-0.001042085100129403,0.010569825854451568,-0.06456144479491291,-0.00705612052238142,0.07613083654083921,5.0,-6.0464454,5.1110544,97.86,0.08,5.0,3.7225833,1.0
