Driver,Team,LapNumber,LapTime,Stint,Compound,TyreLife,FreshTyre,Sector1Time,Sector2Time,Sector3Time,SpeedFL,SpeedST,TrackStatus,AirTemp,TrackTemp,Humidity,Rainfall,WindSpeed,IsPersonalBest
HAM,MERCEDES,1,90.2,1,SOFT,1,TRUE,27.033,37.824,25.343,297.8,320.2,1,24.3,36.0,50.8,FALSE,5.7,FALSE
HAM,MERCEDES,2,90.294,1,SOFT,2,FALSE,27.078,37.9,25.317,290.2,313.8,1,24.9,37.1,53.7,FALSE,2.9,FALSE
HAM,MERCEDES,3,90.233,1,SOFT,3,FALSE,27.081,37.835,25.316,292.1,329.8,1,24.1,38.0,47.0,FALSE,1.8,FALSE
HAM,MERCEDES,4,90.382,1,SOFT,4,FALSE,27.172,37.924,25.286,276.6,301.9,1,24.0,38.8,49.6,FALSE,2.5,FALSE
HAM,MERCEDES,5,90.774,1,SOFT,5,FALSE,27.205,38.089,25.48,301.2,321.8,1,24.7,39.6,37.9,FALSE,1.9,FALSE
HAM,MERCEDES,6,90.645,1,SOFT,6,FALSE,27.204,38.068,25.373,280.4,329.7,1,22.1,38.6,61.7,FALSE,5.2,FALSE
HAM,MERCEDES,7,90.746,1,SOFT,7,FALSE,27.221,38.119,25.407,296.9,323.1,1,24.0,40.6,52.4,FALSE,0.7,FALSE
HAM,MERCEDES,8,91.032,1,SOFT,8,FALSE,27.312,38.276,25.443,287.3,309.9,1,25.3,31.100000000000005,49.0,FALSE,2.9,FALSE
HAM,MERCEDES,9,91.061,1,SOFT,9,FALSE,27.29,38.245,25.526,288.9,338.6,1,22.5,31.100000000000005,67.4,FALSE,1.3,FALSE
HAM,MERCEDES,10,91.33,1,SOFT,10,FALSE,27.378,38.304,25.648,281.4,324.3,1,23.2,38.0,47.7,FALSE,5.6,FALSE
HAM,MERCEDES,11,91.148,1,SOFT,11,FALSE,27.314,38.314,25.521,297.9,315.3,1,22.9,41.2,46.0,FALSE,1.7,FALSE
HAM,MERCEDES,12,91.306,1,SOFT,12,FALSE,27.377,38.289,25.64,290.3,319.1,1,23.1,40.3,56.2,FALSE,2.7,FALSE
HAM,MERCEDES,13,91.36,1,SOFT,13,FALSE,27.362,38.335,25.663,283.0,319.1,1,22.8,40.3,68.6,FALSE,3.9,FALSE
HAM,MERCEDES,14,91.514,1,SOFT,14,FALSE,27.511,38.431,25.572,290.8,327.4,1,21.9,39.4,52.2,FALSE,3.8,TRUE
HAM,MERCEDES,15,91.553,1,SOFT,15,FALSE,27.44,38.41,25.703,297.1,336.9,1,22.7,38.7,56.7,FALSE,4.8,FALSE
HAM,MERCEDES,16,91.229,1,SOFT,16,FALSE,27.431,38.438,25.585,293.8,314.0,1,26.0,38.3,64.1,FALSE,5.8,FALSE
HAM,MERCEDES,17,91.69,1,SOFT,17,FALSE,27.469,38.475,25.745,296.9,328.3,1,25.1,39.3,50.2,FALSE,2.4,FALSE
HAM,MERCEDES,18,91.676,1,SOFT,18,FALSE,27.521,38.445,25.71,308.5,332.0,1,22.2,39.7,58.5,FALSE,2.4,FALSE
HAM,MERCEDES,19,91.859,1,SOFT,19,FALSE,27.555,38.596,25.708,293.4,322.9,1,24.5,40.3,46.6,FALSE,3.5,FALSE
HAM,MERCEDES,20,92.215,1,SOFT,20,FALSE,27.711,38.747,25.757,287.7,328.2,1,25.0,34.1,57.2,FALSE,3.0,FALSE
HAM,MERCEDES,21,92.092,1,SOFT,21,FALSE,27.679,38.615,25.798,287.1,326.8,1,25.0,40.1,52.5,FALSE,0.0,FALSE
HAM,MERCEDES,22,92.374,1,SOFT,22,FALSE,27.708,38.798,25.868,291.5,306.9,1,24.8,35.2,40.1,FALSE,4.9,FALSE
HAM,MERCEDES,23,92.273,1,SOFT,23,FALSE,27.74,38.688,25.846,301.0,328.6,1,24.4,43.5,43.3,FALSE,5.5,FALSE
HAM,MERCEDES,24,92.449,1,SOFT,24,FALSE,27.723,38.848,25.878,286.7,316.6,1,23.0,40.6,53.7,FALSE,5.8,FALSE
HAM,MERCEDES,25,92.225,1,SOFT,25,FALSE,27.692,38.702,25.832,287.8,321.4,1,22.4,36.7,47.1,FALSE,3.2,FALSE
HAM,MERCEDES,26,92.522,1,SOFT,26,FALSE,27.808,38.876,25.839,293.5,331.0,1,26.8,41.5,60.2,FALSE,2.5,FALSE
HAM,MERCEDES,27,92.772,1,SOFT,27,FALSE,27.827,38.967,25.978,282.9,316.3,1,22.3,41.2,43.4,FALSE,4.3,FALSE
HAM,MERCEDES,28,90.664,2,MEDIUM,1,TRUE,27.179,38.09,25.395,285.0,325.1,1,24.0,38.5,62.3,FALSE,3.4,FALSE
HAM,MERCEDES,29,90.462,2,MEDIUM,2,FALSE,27.18,37.98,25.301,306.6,326.7,1,23.9,36.5,36.3,FALSE,0.3,TRUE
HAM,MERCEDES,30,90.874,2,MEDIUM,3,FALSE,27.266,38.201,25.407,283.9,318.0,1,24.9,36.0,43.8,FALSE,5.9,FALSE
HAM,MERCEDES,31,90.727,2,MEDIUM,4,FALSE,27.252,38.071,25.404,287.3,330.7,1,22.8,38.6,35.3,FALSE,5.8,FALSE
HAM,MERCEDES,32,90.766,2,MEDIUM,5,FALSE,27.22,38.133,25.413,294.4,324.2,1,26.1,39.7,61.0,FALSE,1.4,FALSE
HAM,MERCEDES,33,90.819,2,MEDIUM,6,FALSE,27.233,38.175,25.411,285.0,331.1,1,25.7,38.1,54.2,FALSE,2.7,FALSE
HAM,MERCEDES,34,91.02,2,MEDIUM,7,FALSE,27.314,38.267,25.438,292.9,320.2,1,25.6,37.0,54.7,FALSE,2.3,TRUE
HAM,MERCEDES,35,90.775,2,MEDIUM,8,FALSE,27.232,38.095,25.448,294.2,343.7,1,23.7,40.3,59.3,FALSE,1.9,FALSE
HAM,MERCEDES,36,91.0,2,MEDIUM,9,FALSE,27.287,38.245,25.469,285.6,314.9,1,25.1,41.2,65.8,FALSE,1.4,FALSE
HAM,MERCEDES,37,91.082,2,MEDIUM,10,FALSE,27.338,38.229,25.515,295.2,322.8,1,24.4,41.0,55.7,FALSE,3.5,FALSE
HAM,MERCEDES,38,91.228,2,MEDIUM,11,FALSE,27.36,38.376,25.493,298.8,311.8,1,22.9,34.8,36.0,FALSE,2.0,FALSE
HAM,MERCEDES,39,91.008,2,MEDIUM,12,FALSE,27.329,38.201,25.478,282.8,301.1,1,24.6,38.6,45.7,FALSE,5.9,FALSE
HAM,MERCEDES,40,91.196,2,MEDIUM,13,FALSE,27.311,38.306,25.58,292.8,322.6,1,21.1,41.1,49.3,FALSE,5.0,FALSE
HAM,MERCEDES,41,91.01,2,MEDIUM,14,FALSE,27.313,38.214,25.483,281.0,339.7,1,26.3,39.8,48.2,FALSE,3.6,FALSE
HAM,MERCEDES,42,91.229,2,MEDIUM,15,FALSE,27.422,38.395,25.601,291.5,308.6,1,25.2,40.5,45.3,FALSE,1.8,FALSE
HAM,MERCEDES,43,91.569,2,MEDIUM,16,FALSE,27.401,38.456,25.712,281.8,310.9,1,23.0,38.1,53.1,FALSE,4.3,FALSE
HAM,MERCEDES,44,91.139,2,MEDIUM,17,FALSE,27.339,38.286,25.513,296.9,329.8,1,24.1,37.0,61.0,FALSE,2.7,FALSE
HAM,MERCEDES,45,91.428,2,MEDIUM,18,FALSE,27.434,38.44,25.554,286.2,303.8,1,25.1,36.9,65.3,FALSE,3.0,FALSE
HAM,MERCEDES,46,91.283,2,MEDIUM,19,FALSE,27.429,38.334,25.52,290.4,330.5,1,22.9,38.1,48.3,FALSE,3.9,FALSE
HAM,MERCEDES,47,91.432,2,MEDIUM,20,FALSE,27.428,38.465,25.54,282.8,336.1,1,24.1,40.6,52.3,FALSE,0.6,FALSE
HAM,MERCEDES,48,91.625,2,MEDIUM,21,FALSE,27.508,38.471,25.646,281.3,310.2,1,26.1,42.0,49.3,FALSE,1.5,FALSE
HAM,MERCEDES,49,91.742,2,MEDIUM,22,FALSE,27.524,38.55,25.667,281.1,313.2,1,25.1,38.5,49.6,FALSE,3.1,FALSE
HAM,MERCEDES,50,91.811,2,MEDIUM,23,FALSE,27.582,38.576,25.653,295.9,310.6,1,23.6,38.0,40.4,FALSE,3.4,FALSE
HAM,MERCEDES,51,91.881,2,MEDIUM,24,FALSE,27.59,38.644,25.647,291.4,324.7,1,24.3,34.0,47.7,FALSE,4.1,FALSE
HAM,MERCEDES,52,91.229,2,MEDIUM,25,FALSE,27.509,38.582,25.749,287.6,321.9,1,24.3,33.9,41.6,FALSE,1.1,FALSE
HAM,MERCEDES,53,91.829,2,MEDIUM,26,FALSE,27.58,38.571,25.678,297.7,322.1,1,24.0,36.0,44.8,FALSE,0.8,FALSE
HAM,MERCEDES,54,91.852,2,MEDIUM,27,FALSE,27.598,38.587,25.667,281.1,334.9,1,21.5,39.0,62.4,FALSE,5.1,FALSE
HAM,MERCEDES,55,91.823,2,MEDIUM,28,FALSE,27.577,38.505,25.741,296.7,319.6,1,22.6,40.5,59.2,FALSE,5.5,FALSE
VER,RED BULL,1,90.301,1,SOFT,1,TRUE,27.107,37.871,25.323,269.36249999999995,324.7,1,24.6,36.3,52.4,FALSE,4.2,FALSE
VER,RED BULL,2,90.353,1,SOFT,2,FALSE,27.077,37.972,25.304,272.3,318.1,1,22.9,37.6,67.6,FALSE,4.8,FALSE
VER,RED BULL,3,90.603,1,SOFT,3,FALSE,27.125,38.037,25.441,281.5,322.3,1,23.6,36.9,50.5,FALSE,5.8,FALSE
VER,RED BULL,4,90.234,1,SOFT,4,FALSE,27.068,37.898,25.268,289.5,314.1,1,25.6,36.1,38.6,FALSE,4.0,FALSE
VER,RED BULL,5,90.652,1,SOFT,5,FALSE,27.193,38.085,25.374,304.9,321.2,1,25.0,40.3,54.5,FALSE,4.5,FALSE
VER,RED BULL,6,90.707,1,SOFT,6,FALSE,27.175,38.088,25.444,273.0,326.1,1,22.9,39.6,62.3,FALSE,1.8,FALSE
VER,RED BULL,7,90.775,1,SOFT,7,FALSE,27.207,38.113,25.456,293.7,309.1,1,25.2,38.3,42.0,FALSE,6.0,FALSE
VER,RED BULL,8,90.94,1,SOFT,8,FALSE,27.221,38.204,25.516,282.4,316.6,1,22.6,37.1,36.7,FALSE,2.5,FALSE
VER,RED BULL,9,90.967,1,SOFT,9,FALSE,27.32,38.219,25.429,294.0,332.8,1,23.1,39.0,57.9,FALSE,3.3,FALSE
VER,RED BULL,10,91.028,1,SOFT,10,FALSE,27.382,38.302,25.345,272.4,328.8,1,22.7,39.3,44.2,FALSE,4.5,FALSE
VER,RED BULL,11,91.447,1,SOFT,11,FALSE,27.441,38.463,25.542,284.0,338.8,1,23.9,34.7,48.9,FALSE,5.1,FALSE
VER,RED BULL,12,91.376,1,SOFT,12,FALSE,27.416,38.312,25.648,306.2,339.0,1,26.2,39.1,44.1,FALSE,2.5,FALSE
VER,RED BULL,13,91.557,1,SOFT,13,FALSE,27.432,38.44,25.685,292.8,314.5,1,25.1,43.1,43.2,FALSE,3.4,FALSE
VER,RED BULL,14,91.671,1,SOFT,14,FALSE,27.465,38.487,25.719,284.6,317.8,1,24.5,40.7,40.5,FALSE,4.3,FALSE
VER,RED BULL,15,91.735,1,SOFT,15,FALSE,27.546,38.509,25.68,288.7,315.7,1,25.3,33.3,37.4,FALSE,3.6,FALSE
VER,RED BULL,16,91.908,1,SOFT,16,FALSE,27.597,38.545,25.766,283.0,339.4,1,21.4,36.5,52.8,FALSE,4.0,FALSE
VER,RED BULL,17,91.645,1,SOFT,17,FALSE,27.497,38.514,25.634,287.5,310.9,1,23.3,34.9,48.2,FALSE,5.7,FALSE
VER,RED BULL,18,91.983,1,SOFT,18,FALSE,27.534,38.576,25.873,299.9,318.1,1,24.6,34.2,55.0,FALSE,3.6,FALSE
VER,RED BULL,19,92.067,1,SOFT,19,FALSE,27.62,38.703,25.744,285.4,296.8,1,22.5,39.3,56.8,FALSE,1.7,FALSE
VER,RED BULL,20,92.021,1,SOFT,20,FALSE,27.641,38.63,25.749,280.5,328.6,1,22.9,38.5,68.1,FALSE,5.1,FALSE
VER,RED BULL,21,92.485,1,SOFT,21,FALSE,27.759,38.835,25.891,286.6,322.2,1,24.2,39.8,38.4,FALSE,0.9,FALSE
VER,RED BULL,22,91.953,1,SOFT,22,FALSE,27.592,38.598,25.762,294.2,306.5,1,22.7,38.1,60.1,FALSE,2.2,FALSE
VER,RED BULL,23,92.457,1,SOFT,23,FALSE,27.749,38.847,25.861,288.8,322.5,1,23.6,35.4,64.1,FALSE,5.7,FALSE
VER,RED BULL,24,92.67,1,SOFT,24,FALSE,27.832,38.99,25.848,291.9,321.8,1,23.4,41.1,63.2,FALSE,4.0,FALSE
VER,RED BULL,25,92.445,1,SOFT,25,FALSE,27.777,38.843,25.825,301.0,314.9,1,23.7,33.8,65.6,FALSE,5.6,FALSE
VER,RED BULL,26,92.619,1,SOFT,26,FALSE,27.757,38.874,25.987,290.1,327.9,1,23.5,39.8,69.4,FALSE,0.2,FALSE
VER,RED BULL,27,92.355,1,SOFT,27,FALSE,27.714,38.767,25.874,290.7,313.3,1,23.6,39.0,66.7,FALSE,5.7,FALSE
VER,RED BULL,28,90.618,2,MEDIUM,1,TRUE,27.173,38.072,25.372,281.2,331.5,1,21.3,37.6,35.8,FALSE,5.8,FALSE
VER,RED BULL,29,90.792,2,MEDIUM,2,FALSE,27.262,38.139,25.39,289.5,319.1,1,24.0,40.4,39.9,FALSE,3.1,FALSE
VER,RED BULL,30,90.902,2,MEDIUM,3,FALSE,27.302,38.145,25.455,298.9,318.3,1,22.6,39.9,45.5,FALSE,2.1,FALSE
VER,RED BULL,31,90.959,2,MEDIUM,4,FALSE,27.235,38.219,25.505,288.3,325.2,1,20.7,42.0,54.4,FALSE,5.8,TRUE
VER,RED BULL,32,90.995,2,MEDIUM,5,FALSE,27.294,38.265,25.436,288.1,336.4,1,23.7,38.0,38.4,FALSE,0.3,FALSE
VER,RED BULL,33,90.745,2,MEDIUM,6,FALSE,27.274,38.119,25.351,287.1,319.1,1,26.5,40.0,55.7,FALSE,0.9,FALSE
VER,RED BULL,34,90.885,2,MEDIUM,7,FALSE,27.276,38.104,25.505,285.3,321.1,1,25.1,36.8,55.3,FALSE,5.8,FALSE
VER,RED BULL,35,91.091,2,MEDIUM,8,FALSE,27.28,38.297,25.514,292.3,308.9,1,24.8,35.9,36.7,FALSE,2.0,FALSE
VER,RED BULL,36,90.783,2,MEDIUM,9,FALSE,27.241,38.185,25.357,286.4,296.9,1,23.3,37.8,61.6,FALSE,0.8,FALSE
VER,RED BULL,37,91.135,2,MEDIUM,10,FALSE,27.329,38.287,25.519,293.6,317.9,1,23.6,36.4,65.0,FALSE,4.4,FALSE
VER,RED BULL,38,91.346,2,MEDIUM,11,FALSE,27.402,38.313,25.631,288.7,327.3,1,24.3,35.3,47.1,FALSE,2.6,FALSE
VER,RED BULL,39,91.679,2,MEDIUM,12,FALSE,27.495,38.46,25.724,288.7,320.7,1,21.6,39.7,67.4,FALSE,2.2,FALSE
VER,RED BULL,40,91.129,2,MEDIUM,13,FALSE,27.3,38.287,25.542,290.7,317.8,1,24.5,37.0,69.6,FALSE,0.2,TRUE
VER,RED BULL,41,91.229,2,MEDIUM,14,FALSE,27.425,38.352,25.589,287.7,314.2,1,23.1,40.0,36.6,FALSE,3.9,FALSE
VER,RED BULL,42,91.519,2,MEDIUM,15,FALSE,27.489,38.443,25.587,305.5,298.9,1,23.0,39.6,51.2,FALSE,4.9,FALSE
VER,RED BULL,43,91.67,2,MEDIUM,16,FALSE,27.503,38.494,25.673,289.6,328.5,1,25.6,34.5,60.3,FALSE,5.1,FALSE
VER,RED BULL,44,91.8,2,MEDIUM,17,FALSE,27.537,38.563,25.7,288.6,316.3,1,22.9,42.2,54.2,FALSE,2.0,FALSE
VER,RED BULL,45,91.643,2,MEDIUM,18,FALSE,27.505,38.527,25.611,292.2,317.5,1,23.7,38.7,36.7,FALSE,4.8,FALSE
VER,RED BULL,46,91.699,2,MEDIUM,19,FALSE,27.514,38.51,25.674,296.7,312.6,1,24.9,41.1,56.9,FALSE,0.0,FALSE
VER,RED BULL,47,91.608,2,MEDIUM,20,FALSE,27.463,38.505,25.64,287.9,317.2,1,25.6,37.8,50.3,FALSE,5.4,FALSE
VER,RED BULL,48,91.229,2,MEDIUM,21,FALSE,27.545,38.515,25.627,278.8,315.1,1,22.1,39.3,53.8,FALSE,0.1,FALSE
VER,RED BULL,49,91.592,2,MEDIUM,22,FALSE,27.476,38.449,25.667,297.4,316.1,1,24.7,36.8,51.8,FALSE,1.2,FALSE
VER,RED BULL,50,91.9,2,MEDIUM,23,FALSE,27.62,38.555,25.725,279.8,324.7,1,26.4,40.1,45.0,FALSE,5.8,FALSE
VER,RED BULL,51,91.94,2,MEDIUM,24,FALSE,27.588,38.624,25.728,296.0,295.6,1,20.9,35.0,48.7,FALSE,5.5,FALSE
VER,RED BULL,52,92.156,2,MEDIUM,25,FALSE,27.641,38.711,25.804,297.5,341.3,1,23.9,38.5,39.0,FALSE,3.8,FALSE
VER,RED BULL,53,91.895,2,MEDIUM,26,FALSE,27.591,38.607,25.697,297.6,322.5,1,25.7,35.5,49.9,FALSE,4.8,TRUE
VER,RED BULL,54,91.966,2,MEDIUM,27,FALSE,27.645,38.603,25.718,293.8,324.2,1,24.1,36.0,64.7,FALSE,5.8,FALSE
VER,RED BULL,55,91.944,2,MEDIUM,28,FALSE,27.547,38.645,25.752,294.9,319.6,1,23.2,31.100000000000005,49.9,FALSE,5.3,FALSE
LEC,FERRARI,1,89.518875,1,SOFT,1,TRUE,26.858,37.58025000000001,25.076,291.4,307.7,1,25.8,37.1,69.4,FALSE,2.7,FALSE
LEC,FERRARI,2,89.692,1,SOFT,2,FALSE,26.868,37.64,25.184,299.7,336.1,1,23.1,40.7,61.8,FALSE,2.3,FALSE
LEC,FERRARI,3,90.053,1,SOFT,3,FALSE,26.955,37.811,25.287,284.9,328.0,1,25.1,40.5,67.3,FALSE,0.1,FALSE
LEC,FERRARI,4,90.065,1,SOFT,4,FALSE,27.008,37.812,25.245,272.1,330.8,1,22.5,37.9,52.2,FALSE,1.9,FALSE
LEC,FERRARI,5,90.494,1,SOFT,5,FALSE,27.18,37.982,25.332,286.4,330.5,1,25.3,39.0,37.8,FALSE,1.6,FALSE
LEC,FERRARI,6,90.494,1,SOFT,6,FALSE,27.153,38.002,25.339,288.3,325.2,1,21.3,37.0,66.6,FALSE,1.2,FALSE
LEC,FERRARI,7,90.261,1,SOFT,7,FALSE,27.063,37.912,25.285,294.3,323.9,1,25.5,37.0,53.7,FALSE,0.6,FALSE
LEC,FERRARI,8,90.602,1,SOFT,8,FALSE,27.154,38.074,25.374,285.0,321.4,1,21.7,42.4,54.8,FALSE,4.5,FALSE
LEC,FERRARI,9,90.237,1,SOFT,9,FALSE,27.078,37.906,25.252,294.8,324.7,1,22.6,38.0,47.9,FALSE,3.9,FALSE
LEC,FERRARI,10,90.538,1,SOFT,10,FALSE,27.151,38.053,25.334,297.5,326.5,1,23.6,38.2,51.5,FALSE,4.1,FALSE
LEC,FERRARI,11,90.714,1,SOFT,11,FALSE,27.249,38.09,25.375,282.1,316.8,1,26.9,36.1,54.7,FALSE,0.4,FALSE
LEC,FERRARI,12,90.851,1,SOFT,12,FALSE,27.245,38.139,25.467,293.5,309.9,1,25.7,36.6,53.8,FALSE,3.4,FALSE
LEC,FERRARI,13,90.82,1,SOFT,13,FALSE,27.276,38.163,25.381,281.0,305.8,1,22.3,36.0,69.6,FALSE,0.9,FALSE
LEC,FERRARI,14,90.811,1,SOFT,14,FALSE,27.235,38.128,25.448,277.8,332.2,1,22.4,34.9,59.3,FALSE,2.0,FALSE
LEC,FERRARI,15,91.095,1,SOFT,15,FALSE,27.375,38.242,25.478,276.6,325.6,1,23.5,39.6,56.5,FALSE,4.2,TRUE
LEC,FERRARI,16,91.026,1,SOFT,16,FALSE,27.341,38.263,25.421,296.7,322.9,1,22.7,38.8,45.6,FALSE,5.1,FALSE
LEC,FERRARI,17,91.505,1,SOFT,17,FALSE,27.473,38.452,25.58,291.8,328.0,1,28.0,36.3,68.0,FALSE,2.4,FALSE
LEC,FERRARI,18,91.172,1,SOFT,18,FALSE,27.324,38.294,25.554,274.0,313.4,1,22.3,37.0,46.4,FALSE,4.0,FALSE
LEC,FERRARI,19,90.2,2,MEDIUM,1,TRUE,27.051,37.882,25.267,283.9,321.5,1,23.5,33.8,48.2,FALSE,1.3,FALSE
LEC,FERRARI,20,90.177,2,MEDIUM,2,FALSE,26.999,37.921,25.256,305.0,330.8,1,26.2,37.6,63.8,FALSE,4.9,FALSE
LEC,FERRARI,21,90.327,2,MEDIUM,3,FALSE,27.096,37.964,25.267,293.5,317.6,1,26.5,34.8,67.9,FALSE,1.1,FALSE
LEC,FERRARI,22,90.073,2,MEDIUM,4,FALSE,27.018,37.849,25.207,294.9,331.9,1,24.8,35.6,45.5,FALSE,2.1,FALSE
LEC,FERRARI,23,90.421,2,MEDIUM,5,FALSE,27.113,37.927,25.382,291.4,304.9,1,22.4,38.4,57.9,FALSE,5.7,FALSE
LEC,FERRARI,24,90.415,2,MEDIUM,6,FALSE,27.177,37.996,25.243,284.0,315.3,1,24.4,38.0,61.9,FALSE,4.3,FALSE
LEC,FERRARI,25,90.629,2,MEDIUM,7,FALSE,27.189,38.004,25.436,310.0625,316.5,1,23.3,38.9,44.1,FALSE,5.8,FALSE
LEC,FERRARI,26,90.671,2,MEDIUM,8,FALSE,27.221,38.058,25.392,271.3,323.7,1,22.4,34.0,49.8,FALSE,0.8,FALSE
LEC,FERRARI,27,90.674,2,MEDIUM,9,FALSE,27.196,38.034,25.443,296.1,326.0,1,22.4,42.7,65.0,FALSE,1.2,FALSE
LEC,FERRARI,28,90.414,2,MEDIUM,10,FALSE,27.11,37.992,25.313,298.3,312.9,1,23.0,34.8,50.4,FALSE,1.3,FALSE
LEC,FERRARI,29,90.423,2,MEDIUM,11,FALSE,27.121,37.977,25.324,293.8,301.8,1,25.1,37.3,65.6,FALSE,4.3,FALSE
LEC,FERRARI,30,90.749,2,MEDIUM,12,FALSE,27.194,38.114,25.441,286.0,321.8,1,22.8,36.8,44.9,FALSE,4.4,FALSE
LEC,FERRARI,31,90.445,2,MEDIUM,13,FALSE,27.147,38.043,25.255,286.6,324.2,1,23.4,31.8,60.4,FALSE,5.9,FALSE
LEC,FERRARI,32,90.765,2,MEDIUM,14,FALSE,27.204,38.145,25.416,282.5,322.8,1,24.0,36.1,53.4,FALSE,5.3,FALSE
LEC,FERRARI,33,90.986,2,MEDIUM,15,FALSE,27.298,38.175,25.513,282.1,330.6,1,25.2,35.2,44.0,FALSE,3.7,FALSE
LEC,FERRARI,34,90.61,2,MEDIUM,16,FALSE,27.179,38.054,25.377,286.8,307.4,1,24.4,36.6,46.7,FALSE,4.6,FALSE
LEC,FERRARI,35,91.052,2,MEDIUM,17,FALSE,27.293,38.221,25.538,290.4,327.3,1,23.7,38.3,53.2,FALSE,5.5,TRUE
LEC,FERRARI,36,90.999,2,MEDIUM,18,FALSE,27.25,38.259,25.491,301.6,321.5,1,25.6,38.4,51.1,FALSE,0.3,FALSE
LEC,FERRARI,37,90.569,3,HARD,1,TRUE,27.213,38.072,25.284,302.4,334.8,1,24.9,35.7,63.3,FALSE,5.8,FALSE
LEC,FERRARI,38,90.445,3,HARD,2,FALSE,27.157,37.971,25.316,296.1,339.7,1,22.6,37.1,44.0,FALSE,4.2,FALSE
LEC,FERRARI,39,90.634,3,HARD,3,FALSE,27.195,38.063,25.377,275.4,320.2,1,24.3,41.5,69.9,FALSE,3.8,FALSE
LEC,FERRARI,40,90.402,3,HARD,4,FALSE,27.158,37.974,25.27,294.9,318.5,1,23.5,34.0,43.2,FALSE,4.2,FALSE
LEC,FERRARI,41,90.495,3,HARD,5,FALSE,27.129,37.97,25.396,288.2,334.1,1,25.0,36.3,41.6,FALSE,1.8,FALSE
LEC,FERRARI,42,90.612,3,HARD,6,FALSE,27.173,38.041,25.398,288.1,310.2,1,24.4,39.0,36.2,FALSE,0.1,FALSE
LEC,FERRARI,43,90.635,3,HARD,7,FALSE,27.191,38.12,25.325,278.6,299.7,1,24.8,37.4,64.7,FALSE,1.9,FALSE
LEC,FERRARI,44,90.829,3,HARD,8,FALSE,27.218,38.151,25.46,306.4,307.5,1,23.9,35.4,46.3,FALSE,2.9,FALSE
LEC,FERRARI,45,90.735,3,HARD,9,FALSE,27.261,38.111,25.363,281.7,324.5,1,26.9,34.5,45.6,FALSE,0.1,FALSE
LEC,FERRARI,46,90.81,3,HARD,10,FALSE,27.261,38.196,25.354,289.6,311.6,1,24.1,41.8,49.5,FALSE,4.3,TRUE
LEC,FERRARI,47,91.229,3,HARD,11,FALSE,27.218,38.15,25.4,285.9,317.9,1,21.5,37.4,67.0,FALSE,4.6,FALSE
LEC,FERRARI,48,90.629,3,HARD,12,FALSE,27.199,38.08,25.35,284.2,322.0,1,23.2,37.4,35.2,FALSE,2.6,FALSE
LEC,FERRARI,49,91.136,3,HARD,13,FALSE,27.334,38.282,25.519,300.1,330.7,1,22.5,36.7,64.7,FALSE,4.5,FALSE
LEC,FERRARI,50,90.927,3,HARD,14,FALSE,27.271,38.19,25.466,292.0,323.2,1,20.1,36.6,51.4,FALSE,5.1,FALSE
LEC,FERRARI,51,90.581,3,HARD,15,FALSE,27.227,38.028,25.326,285.7,327.1,1,23.6,39.5,62.4,FALSE,4.6,FALSE
LEC,FERRARI,52,91.072,3,HARD,16,FALSE,27.304,38.174,25.594,290.2,329.4,1,22.9,35.2,58.7,FALSE,3.5,FALSE
LEC,FERRARI,53,90.856,3,HARD,17,FALSE,27.277,38.144,25.435,295.4,306.0,1,27.7,35.7,37.6,FALSE,5.2,FALSE
LEC,FERRARI,54,91.042,3,HARD,18,FALSE,27.396,38.22,25.425,274.2,320.0,1,22.9,35.5,55.0,FALSE,1.4,FALSE
LEC,FERRARI,55,91.082,3,HARD,19,FALSE,27.278,38.237,25.567,296.1,308.3,1,24.6,35.6,50.9,FALSE,2.9,FALSE
NOR,MCLAREN,1,90.472,1,SOFT,1,TRUE,27.135,37.959,25.379,278.7,340.7,1,22.7,33.0,35.5,FALSE,4.8,FALSE
NOR,MCLAREN,2,90.553,1,SOFT,2,FALSE,27.127,37.969,25.457,289.0,331.1,1,23.3,38.4,67.4,FALSE,2.5,FALSE
NOR,MCLAREN,3,90.558,1,SOFT,3,FALSE,27.191,38.047,25.32,291.5,306.6,1,26.7,38.0,58.0,FALSE,4.8,FALSE
NOR,MCLAREN,4,90.719,1,SOFT,4,FALSE,27.233,38.158,25.327,294.2,317.2,1,22.3,35.2,41.1,FALSE,2.7,FALSE
NOR,MCLAREN,5,90.782,1,SOFT,5,FALSE,27.228,38.095,25.459,275.7,328.5,1,25.0,37.0,43.9,FALSE,3.0,FALSE
NOR,MCLAREN,6,91.001,1,SOFT,6,FALSE,27.294,38.205,25.501,283.4,324.8,1,26.6,38.1,68.5,FALSE,3.5,FALSE
NOR,MCLAREN,7,90.731,1,SOFT,7,FALSE,27.198,38.136,25.397,288.2,330.8,1,22.7,39.3,50.3,FALSE,2.9,FALSE
NOR,MCLAREN,8,91.196,1,SOFT,8,FALSE,27.316,38.323,25.556,290.5,326.6,1,25.1,38.5,51.2,FALSE,3.1,FALSE
NOR,MCLAREN,9,90.868,1,SOFT,9,FALSE,27.256,38.146,25.467,290.3,334.1,1,26.1,40.5,65.9,FALSE,5.1,FALSE
NOR,MCLAREN,10,91.32,1,SOFT,10,FALSE,27.381,38.339,25.6,303.6,331.5,1,23.3,40.1,67.0,FALSE,3.0,FALSE
NOR,MCLAREN,11,91.391,1,SOFT,11,FALSE,27.411,38.328,25.653,289.6,336.6,1,22.2,39.4,58.9,FALSE,4.2,FALSE
NOR,MCLAREN,12,91.775,1,SOFT,12,FALSE,27.545,38.55,25.679,290.2,330.4,1,24.7,39.4,36.0,FALSE,4.6,FALSE
NOR,MCLAREN,13,91.892,1,SOFT,13,FALSE,27.605,38.619,25.668,283.8,325.7,1,23.1,41.2,49.0,FALSE,5.2,FALSE
NOR,MCLAREN,14,91.709,1,SOFT,14,FALSE,27.507,38.533,25.669,276.7,316.5,1,22.6,35.6,42.1,FALSE,4.2,FALSE
NOR,MCLAREN,15,91.729,1,SOFT,15,FALSE,27.5,38.513,25.717,286.1,323.3,1,25.0,38.2,57.0,FALSE,3.4,FALSE
NOR,MCLAREN,16,91.771,1,SOFT,16,FALSE,27.524,38.566,25.68,301.5,329.5,1,25.0,39.0,69.6,FALSE,3.3,TRUE
NOR,MCLAREN,17,91.87,1,SOFT,17,FALSE,27.575,38.598,25.697,297.3,310.8,1,24.3,33.9,36.0,FALSE,4.8,FALSE
NOR,MCLAREN,18,91.98,1,SOFT,18,FALSE,27.56,38.639,25.781,306.5,307.2,1,23.4,39.6,37.5,FALSE,5.5,FALSE
NOR,MCLAREN,19,90.709,2,MEDIUM,1,TRUE,27.218,38.09,25.4,282.6,318.8,1,22.8,35.4,44.2,FALSE,5.1,FALSE
NOR,MCLAREN,20,90.707,2,MEDIUM,2,FALSE,27.22,38.05,25.438,283.8,325.1,1,23.1,37.9,48.1,FALSE,4.9,FALSE
NOR,MCLAREN,21,90.845,2,MEDIUM,3,FALSE,27.306,38.152,25.387,279.3,325.0,1,24.8,42.6,40.6,FALSE,5.0,FALSE
NOR,MCLAREN,22,90.748,2,MEDIUM,4,FALSE,27.221,38.107,25.42,289.2,318.1,1,23.3,40.3,59.6,FALSE,5.0,FALSE
NOR,MCLAREN,23,90.943,2,MEDIUM,5,FALSE,27.216,38.15,25.576,305.3,307.8,1,24.1,39.7,53.8,FALSE,4.4,FALSE
NOR,MCLAREN,24,91.052,2,MEDIUM,6,FALSE,27.306,38.273,25.472,284.6,303.3,1,24.5,36.3,41.4,FALSE,4.0,FALSE
NOR,MCLAREN,25,91.175,2,MEDIUM,7,FALSE,27.324,38.384,25.467,271.6,333.3,1,23.5,36.2,67.6,FALSE,3.6,FALSE
NOR,MCLAREN,26,91.165,2,MEDIUM,8,FALSE,27.342,38.263,25.56,298.8,326.5,1,24.3,40.5,69.8,FALSE,5.7,FALSE
NOR,MCLAREN,27,91.281,2,MEDIUM,9,FALSE,27.377,38.337,25.566,294.4,332.0,1,24.0,39.8,58.2,FALSE,0.3,FALSE
NOR,MCLAREN,28,91.492,2,MEDIUM,10,FALSE,27.437,38.4,25.656,301.8,306.3,1,25.9,39.7,58.0,FALSE,2.7,FALSE
NOR,MCLAREN,29,91.221,2,MEDIUM,11,FALSE,27.383,38.319,25.52,291.7,310.5,1,22.0,37.4,46.0,FALSE,3.1,FALSE
NOR,MCLAREN,30,91.446,2,MEDIUM,12,FALSE,27.437,38.409,25.6,289.3,307.1,1,22.9,37.6,41.0,FALSE,0.1,FALSE
NOR,MCLAREN,31,91.752,2,MEDIUM,13,FALSE,27.534,38.512,25.705,291.6,294.0375,1,23.9,37.5,43.0,FALSE,4.5,FALSE
NOR,MCLAREN,32,91.442,2,MEDIUM,14,FALSE,27.416,38.423,25.603,292.2,327.5,1,23.1,38.3,70.0,FALSE,4.8,FALSE
NOR,MCLAREN,33,91.654,2,MEDIUM,15,FALSE,27.516,38.553,25.586,288.5,322.7,1,25.4,39.1,40.8,FALSE,1.9,FALSE
NOR,MCLAREN,34,91.601,2,MEDIUM,16,FALSE,27.49,38.435,25.676,293.4,316.8,1,22.9,37.0,42.4,FALSE,2.4,FALSE
NOR,MCLAREN,35,91.699,2,MEDIUM,17,FALSE,27.512,38.498,25.689,288.7,310.6,1,24.6,36.6,44.7,FALSE,3.6,FALSE
NOR,MCLAREN,36,91.322,2,MEDIUM,18,FALSE,27.387,38.263,25.672,291.8,308.9,1,24.6,36.1,60.3,FALSE,1.5,FALSE
NOR,MCLAREN,37,91.403,3,HARD,1,TRUE,27.439,38.397,25.567,282.7,317.2,1,24.5,41.0,43.4,FALSE,2.3,FALSE
NOR,MCLAREN,38,91.368,3,HARD,2,FALSE,27.425,38.385,25.558,292.7,314.5,1,24.8,38.8,43.5,FALSE,2.2,FALSE
NOR,MCLAREN,39,91.196,3,HARD,3,FALSE,27.377,38.282,25.537,285.0,326.7,1,26.9,38.6,61.3,FALSE,4.8,FALSE
NOR,MCLAREN,40,91.335,3,HARD,4,FALSE,27.386,38.317,25.632,303.5,316.7,1,23.0,37.0,52.2,FALSE,3.2,FALSE
NOR,MCLAREN,41,91.377,3,HARD,5,FALSE,27.363,38.32,25.694,300.1,326.4,1,22.0,40.8,53.3,FALSE,0.0,FALSE
NOR,MCLAREN,42,91.218,3,HARD,6,FALSE,27.352,38.379,25.487,289.1,312.7,1,24.8,38.6,43.2,FALSE,5.0,FALSE
NOR,MCLAREN,43,91.667,3,HARD,7,FALSE,27.516,38.47,25.681,290.0,334.9,1,24.4,38.0,49.6,FALSE,4.2,FALSE
NOR,MCLAREN,44,91.239,3,HARD,8,FALSE,27.383,38.363,25.493,288.9,325.9,1,23.0,39.0,68.5,FALSE,5.2,TRUE
NOR,MCLAREN,45,91.55,3,HARD,9,FALSE,27.455,38.43,25.665,289.0,324.6,1,26.2,40.3,69.0,FALSE,3.6,FALSE
NOR,MCLAREN,46,91.109,3,HARD,10,FALSE,27.328,38.272,25.509,303.9,294.0375,1,23.5,34.4,53.4,FALSE,3.3,FALSE
NOR,MCLAREN,47,91.717,3,HARD,11,FALSE,27.521,38.524,25.672,271.3,320.1,1,23.4,39.7,58.3,FALSE,2.5,FALSE
NOR,MCLAREN,48,91.443,3,HARD,12,FALSE,27.439,38.424,25.58,305.6,320.4,1,24.4,40.3,38.5,FALSE,3.3,FALSE
NOR,MCLAREN,49,91.789,3,HARD,13,FALSE,27.492,38.569,25.727,269.36249999999995,319.4,1,23.2,39.3,53.1,FALSE,4.5,FALSE
NOR,MCLAREN,50,91.516,3,HARD,14,FALSE,27.423,38.386,25.707,290.8,341.7,1,25.0,38.4,64.6,FALSE,0.3,FALSE
NOR,MCLAREN,51,91.55,3,HARD,15,FALSE,27.431,38.405,25.715,277.3,322.8,1,25.4,38.8,65.5,FALSE,0.1,FALSE
NOR,MCLAREN,52,91.613,3,HARD,16,FALSE,27.481,38.544,25.589,294.8,327.9,1,26.3,36.1,42.8,FALSE,5.2,FALSE
NOR,MCLAREN,53,91.919,3,HARD,17,FALSE,27.582,38.623,25.714,286.9,315.3,1,24.3,37.3,40.0,FALSE,0.9,FALSE
NOR,MCLAREN,54,91.751,3,HARD,18,FALSE,27.491,38.532,25.728,284.4,323.0,1,25.0,39.2,57.7,FALSE,0.2,FALSE
NOR,MCLAREN,55,91.996,3,HARD,19,FALSE,27.633,38.616,25.746,288.8,324.5,1,24.6,38.0,48.1,FALSE,1.8,FALSE
ALO,ASTON MARTIN,1,90.331,1,SOFT,1,TRUE,27.069,37.89,25.371,290.7,335.7,1,25.5,38.6,63.0,FALSE,2.3,FALSE
ALO,ASTON MARTIN,2,90.177,1,SOFT,2,FALSE,27.085,37.842,25.25,296.4,319.0,1,24.7,37.8,69.6,FALSE,0.9,FALSE
ALO,ASTON MARTIN,3,90.701,1,SOFT,3,FALSE,27.245,38.104,25.352,285.6,300.3,1,24.6,36.7,63.5,FALSE,2.6,FALSE
ALO,ASTON MARTIN,4,90.943,1,SOFT,4,FALSE,27.281,38.161,25.5,297.1,336.1,1,24.3,33.6,51.1,FALSE,0.9,FALSE
ALO,ASTON MARTIN,5,90.879,1,SOFT,5,FALSE,27.293,38.178,25.408,273.2,322.2,1,23.5,33.4,50.6,FALSE,2.5,FALSE
ALO,ASTON MARTIN,6,90.846,1,SOFT,6,FALSE,27.283,38.105,25.459,289.1,307.6,1,24.9,33.2,68.9,FALSE,5.4,FALSE
ALO,ASTON MARTIN,7,91.051,1,SOFT,7,FALSE,27.352,38.271,25.428,289.9,340.0,1,23.6,40.1,62.1,FALSE,2.7,FALSE
ALO,ASTON MARTIN,8,90.947,1,SOFT,8,FALSE,27.298,38.238,25.41,298.7,330.7,1,26.7,36.5,54.5,FALSE,5.8,FALSE
ALO,ASTON MARTIN,9,91.0,1,SOFT,9,FALSE,27.276,38.223,25.501,302.5,310.6,1,23.0,36.4,63.8,FALSE,2.9,FALSE
ALO,ASTON MARTIN,10,91.066,1,SOFT,10,FALSE,27.331,38.265,25.47,290.1,307.1,1,26.2,37.8,68.2,FALSE,0.7,FALSE
ALO,ASTON MARTIN,11,91.433,1,SOFT,11,FALSE,27.382,38.407,25.644,282.7,324.3,1,22.0,39.4,47.5,FALSE,0.8,FALSE
ALO,ASTON MARTIN,12,91.606,1,SOFT,12,FALSE,27.469,38.496,25.641,288.3,315.9,1,25.1,38.6,63.4,FALSE,0.3,FALSE
ALO,ASTON MARTIN,13,91.229,1,SOFT,13,FALSE,27.489,38.497,25.628,274.0,324.2,1,20.3,36.3,39.7,FALSE,5.4,FALSE
ALO,ASTON MARTIN,14,91.623,1,SOFT,14,FALSE,27.518,38.468,25.638,295.6,335.9,1,23.0,36.0,69.1,FALSE,5.7,FALSE
ALO,ASTON MARTIN,15,91.873,1,SOFT,15,FALSE,27.582,38.537,25.754,308.7,320.7,1,25.1,37.9,37.6,FALSE,5.0,FALSE
ALO,ASTON MARTIN,16,91.611,1,SOFT,16,FALSE,27.459,38.436,25.716,287.7,328.4,1,23.5,38.0,47.1,FALSE,4.4,FALSE
ALO,ASTON MARTIN,17,91.955,1,SOFT,17,FALSE,27.59,38.559,25.805,283.7,321.1,1,23.2,39.1,54.3,FALSE,2.0,FALSE
ALO,ASTON MARTIN,18,91.728,1,SOFT,18,FALSE,27.514,38.547,25.668,287.1,323.5,1,23.2,38.1,65.8,FALSE,2.2,FALSE
ALO,ASTON MARTIN,19,92.199,1,SOFT,19,FALSE,27.635,38.703,25.861,286.3,305.4,1,22.3,36.6,65.1,FALSE,4.3,FALSE
ALO,ASTON MARTIN,20,92.052,1,SOFT,20,FALSE,27.596,38.655,25.802,302.7,327.0,1,21.4,38.8,57.8,FALSE,4.5,FALSE
ALO,ASTON MARTIN,21,92.17,1,SOFT,21,FALSE,27.617,38.708,25.845,279.7,325.4,1,23.2,36.0,55.2,FALSE,4.5,TRUE
ALO,ASTON MARTIN,22,92.134,1,SOFT,22,FALSE,27.573,38.674,25.888,286.3,321.1,1,23.5,38.5,47.8,FALSE,3.4,FALSE
ALO,ASTON MARTIN,23,92.289,1,SOFT,23,FALSE,27.668,38.77,25.851,292.2,335.0,1,24.7,37.6,68.0,FALSE,5.5,FALSE
ALO,ASTON MARTIN,24,92.458,1,SOFT,24,FALSE,27.813,38.821,25.824,294.6,317.1,1,25.5,39.6,42.5,FALSE,5.6,FALSE
ALO,ASTON MARTIN,25,92.584,1,SOFT,25,FALSE,27.789,38.837,25.958,291.4,322.8,1,25.2,40.5,45.9,FALSE,4.3,FALSE
ALO,ASTON MARTIN,26,92.533,1,SOFT,26,FALSE,27.799,38.908,25.825,297.0,332.1,1,23.6,38.3,47.0,FALSE,2.4,FALSE
ALO,ASTON MARTIN,27,92.667,1,SOFT,27,FALSE,27.745,38.939,25.983,289.4,335.2,1,24.6,42.3,60.3,FALSE,0.2,FALSE
ALO,ASTON MARTIN,28,90.547,2,MEDIUM,1,TRUE,27.196,38.028,25.323,280.9,308.2,1,25.2,38.6,36.3,FALSE,2.2,FALSE
ALO,ASTON MARTIN,29,90.876,2,MEDIUM,2,FALSE,27.23,38.15,25.496,282.2,330.7,1,24.0,36.9,48.1,FALSE,2.9,FALSE
ALO,ASTON MARTIN,30,90.975,2,MEDIUM,3,FALSE,27.322,38.2,25.454,294.8,319.6,1,22.6,36.0,35.6,FALSE,1.3,FALSE
ALO,ASTON MARTIN,31,90.914,2,MEDIUM,4,FALSE,27.302,38.216,25.396,280.3,346.9,1,25.5,37.2,42.9,FALSE,1.5,FALSE
ALO,ASTON MARTIN,32,90.91,2,MEDIUM,5,FALSE,27.256,38.14,25.513,287.0,317.9,1,22.2,37.8,35.2,FALSE,0.2,FALSE
ALO,ASTON MARTIN,33,90.825,2,MEDIUM,6,FALSE,27.263,38.044,25.517,307.7,319.9,1,23.2,39.5,35.4,FALSE,2.4,FALSE
ALO,ASTON MARTIN,34,91.136,2,MEDIUM,7,FALSE,27.306,38.299,25.531,286.3,325.8,1,22.7,35.1,52.9,FALSE,2.8,FALSE
ALO,ASTON MARTIN,35,91.213,2,MEDIUM,8,FALSE,27.385,38.292,25.536,287.9,323.9,1,22.8,33.7,64.5,FALSE,1.3,FALSE
ALO,ASTON MARTIN,36,91.204,2,MEDIUM,9,FALSE,27.322,38.316,25.566,293.2,324.4,1,26.6,38.0,56.7,FALSE,4.3,FALSE
ALO,ASTON MARTIN,37,91.204,2,MEDIUM,10,FALSE,27.386,38.305,25.512,296.1,330.6,1,24.6,42.7,52.9,FALSE,5.6,FALSE
ALO,ASTON MARTIN,38,91.254,2,MEDIUM,11,FALSE,27.403,38.376,25.475,292.3,333.5,1,26.7,38.1,69.6,FALSE,1.3,TRUE
ALO,ASTON MARTIN,39,91.416,2,MEDIUM,12,FALSE,27.371,38.337,25.708,280.5,323.3,1,25.1,33.5,49.1,FALSE,0.9,FALSE
ALO,ASTON MARTIN,40,91.298,2,MEDIUM,13,FALSE,27.42,38.345,25.533,298.0,328.3,1,24.9,37.7,64.8,FALSE,2.2,FALSE
ALO,ASTON MARTIN,41,91.671,2,MEDIUM,14,FALSE,27.464,38.468,25.739,289.8,307.0,1,24.9,34.9,52.2,FALSE,2.1,FALSE
ALO,ASTON MARTIN,42,91.374,2,MEDIUM,15,FALSE,27.449,38.365,25.56,282.5,300.2,1,22.7,41.9,47.9,FALSE,4.1,FALSE
ALO,ASTON MARTIN,43,91.275,2,MEDIUM,16,FALSE,27.364,38.32,25.59,288.5,310.6,1,25.1,36.2,42.4,FALSE,5.6,FALSE
ALO,ASTON MARTIN,44,91.713,2,MEDIUM,17,FALSE,27.49,38.545,25.677,276.3,317.3,1,22.4,37.6,38.7,FALSE,1.5,FALSE
ALO,ASTON MARTIN,45,91.794,2,MEDIUM,18,FALSE,27.575,38.54,25.679,283.1,322.8,1,21.1,41.3,38.1,FALSE,4.3,FALSE
ALO,ASTON MARTIN,46,91.737,2,MEDIUM,19,FALSE,27.496,38.509,25.732,295.9,319.6,1,25.0,41.7,64.6,FALSE,3.1,FALSE
ALO,ASTON MARTIN,47,91.847,2,MEDIUM,20,FALSE,27.55,38.581,25.716,301.3,304.9,1,24.5,35.2,48.8,FALSE,4.2,FALSE
ALO,ASTON MARTIN,48,91.678,2,MEDIUM,21,FALSE,27.54,38.517,25.622,280.2,312.9,1,25.6,37.1,66.2,FALSE,2.5,FALSE
ALO,ASTON MARTIN,49,91.957,2,MEDIUM,22,FALSE,27.654,38.602,25.702,284.6,321.4,1,23.4,34.0,58.7,FALSE,1.1,FALSE
ALO,ASTON MARTIN,50,91.773,2,MEDIUM,23,FALSE,27.566,38.479,25.728,291.0,321.8,1,23.1,38.8,62.2,FALSE,2.2,FALSE
ALO,ASTON MARTIN,51,91.863,2,MEDIUM,24,FALSE,27.604,38.54,25.719,286.0,312.1,1,23.1,43.5,66.9,FALSE,2.3,FALSE
ALO,ASTON MARTIN,52,91.949,2,MEDIUM,25,FALSE,27.569,38.599,25.781,295.3,312.3,1,24.6,39.6,45.9,FALSE,4.0,FALSE
ALO,ASTON MARTIN,53,91.972,2,MEDIUM,26,FALSE,27.541,38.602,25.829,291.9,333.9,1,24.8,39.1,69.7,FALSE,4.2,FALSE
ALO,ASTON MARTIN,54,91.982,2,MEDIUM,27,FALSE,27.542,38.591,25.85,292.9,331.6,1,24.5,35.2,50.3,FALSE,4.8,FALSE
ALO,ASTON MARTIN,55,92.191,2,MEDIUM,28,FALSE,27.678,38.775,25.738,286.8,333.0,1,23.7,38.0,61.0,FALSE,0.2,TRUE
RUS,ALPINE,1,90.888,1,SOFT,1,TRUE,27.249,38.221,25.417,289.0,313.6,1,24.1,42.7,40.8,FALSE,3.3,FALSE
RUS,ALPINE,2,91.138,1,SOFT,2,FALSE,27.299,38.238,25.601,278.2,317.9,1,24.6,34.6,56.6,FALSE,2.4,FALSE
RUS,ALPINE,3,90.592,1,SOFT,3,FALSE,27.15,38.078,25.364,288.2,320.6,1,21.9,38.7,57.4,FALSE,1.8,FALSE
RUS,ALPINE,4,90.958,1,SOFT,4,FALSE,27.307,38.164,25.487,286.3,327.1,1,21.2,34.8,65.5,FALSE,5.4,FALSE
RUS,ALPINE,5,90.9,1,SOFT,5,FALSE,27.274,38.215,25.411,300.1,301.9,1,23.3,40.4,69.9,FALSE,5.5,FALSE
RUS,ALPINE,6,91.275,1,SOFT,6,FALSE,27.431,38.321,25.523,278.0,316.2,1,25.1,32.0,41.6,FALSE,4.8,FALSE
RUS,ALPINE,7,91.2,1,SOFT,7,FALSE,27.367,38.303,25.53,287.5,313.3,1,25.6,41.1,38.1,FALSE,3.4,FALSE
RUS,ALPINE,8,91.22,1,SOFT,8,FALSE,27.365,38.372,25.483,279.3,310.7,1,23.8,36.6,46.5,FALSE,1.8,FALSE
RUS,ALPINE,9,91.278,1,SOFT,9,FALSE,27.376,38.324,25.578,288.1,318.4,1,23.9,39.1,66.5,FALSE,4.4,FALSE
RUS,ALPINE,10,91.662,1,SOFT,10,FALSE,27.513,38.499,25.65,286.6,316.7,1,24.1,42.3,46.3,FALSE,5.6,FALSE
RUS,ALPINE,11,91.539,1,SOFT,11,FALSE,27.463,38.482,25.595,287.5,324.4,1,25.2,37.1,56.0,FALSE,4.6,FALSE
RUS,ALPINE,12,91.539,1,SOFT,12,FALSE,27.507,38.508,25.524,297.5,307.8,1,26.0,37.7,50.0,FALSE,5.7,FALSE
RUS,ALPINE,13,91.958,1,SOFT,13,FALSE,27.581,38.674,25.704,278.5,306.4,1,23.9,41.4,40.2,FALSE,1.4,FALSE
RUS,ALPINE,14,91.959,1,SOFT,14,FALSE,27.563,38.595,25.802,287.3,327.7,1,22.8,39.6,53.3,FALSE,4.9,FALSE
RUS,ALPINE,15,92.06,1,SOFT,15,FALSE,27.607,38.638,25.815,288.7,340.1,1,21.9,37.5,43.9,FALSE,5.4,FALSE
RUS,ALPINE,16,92.084,1,SOFT,16,FALSE,27.628,38.689,25.767,291.1,328.3,1,24.9,38.0,69.0,FALSE,3.6,FALSE
RUS,ALPINE,17,92.102,1,SOFT,17,FALSE,27.62,38.636,25.846,294.2,312.1,1,23.5,34.2,52.0,FALSE,5.8,FALSE
RUS,ALPINE,18,92.577,1,SOFT,18,FALSE,27.781,38.878,25.918,286.0,319.6,1,23.5,40.9,50.7,FALSE,4.8,FALSE
RUS,ALPINE,19,90.804,2,MEDIUM,1,TRUE,27.228,38.167,25.409,287.2,309.4,1,23.6,36.9,56.7,FALSE,3.3,FALSE
RUS,ALPINE,20,91.049,2,MEDIUM,2,FALSE,27.343,38.24,25.466,288.4,320.1,1,23.0,40.0,42.4,FALSE,1.8,FALSE
RUS,ALPINE,21,91.236,2,MEDIUM,3,FALSE,27.378,38.327,25.532,286.0,320.6,1,22.2,38.4,66.0,FALSE,2.8,FALSE
RUS,ALPINE,22,91.051,2,MEDIUM,4,FALSE,27.322,38.249,25.481,301.1,328.6,1,24.0,34.4,68.1,FALSE,2.8,FALSE
RUS,ALPINE,23,91.232,2,MEDIUM,5,FALSE,27.339,38.294,25.6,281.3,310.1,1,21.1,39.9,68.2,FALSE,1.2,TRUE
RUS,ALPINE,24,91.132,2,MEDIUM,6,FALSE,27.37,38.315,25.447,279.0,303.6,1,21.8,37.2,47.5,FALSE,0.4,FALSE
RUS,ALPINE,25,91.257,2,MEDIUM,7,FALSE,27.416,38.301,25.539,295.5,314.2,1,23.5,38.0,45.6,FALSE,4.8,FALSE
RUS,ALPINE,26,91.419,2,MEDIUM,8,FALSE,27.447,38.434,25.538,285.7,336.4,1,22.9,33.5,66.8,FALSE,2.2,FALSE
RUS,ALPINE,27,91.406,2,MEDIUM,9,FALSE,27.419,38.403,25.585,291.9,301.7,1,23.9,34.5,54.0,FALSE,3.4,FALSE
RUS,ALPINE,28,91.312,2,MEDIUM,10,FALSE,27.451,38.369,25.492,279.5,320.2,1,25.0,41.1,46.0,FALSE,5.3,FALSE
RUS,ALPINE,29,91.47,2,MEDIUM,11,FALSE,27.502,38.416,25.553,276.3,314.3,1,25.6,38.6,57.7,FALSE,2.2,TRUE
RUS,ALPINE,30,91.579,2,MEDIUM,12,FALSE,27.438,38.443,25.699,290.2,331.0,1,25.4,39.9,49.7,FALSE,2.4,FALSE
RUS,ALPINE,31,91.562,2,MEDIUM,13,FALSE,27.437,38.447,25.679,299.1,310.9,1,23.1,41.3,58.0,FALSE,0.6,FALSE
RUS,ALPINE,32,91.994,2,MEDIUM,14,FALSE,27.61,38.67,25.714,289.3,312.2,1,23.6,37.6,65.2,FALSE,0.3,FALSE
RUS,ALPINE,33,91.578,2,MEDIUM,15,FALSE,27.513,38.45,25.614,284.6,303.5,1,26.1,39.2,65.9,FALSE,3.1,FALSE
RUS,ALPINE,34,91.853,2,MEDIUM,16,FALSE,27.514,38.568,25.771,295.3,324.4,1,20.9,38.9,53.2,FALSE,4.8,FALSE
RUS,ALPINE,35,91.849,2,MEDIUM,17,FALSE,27.531,38.554,25.764,296.2,318.8,1,24.6,37.6,47.2,FALSE,2.1,FALSE
RUS,ALPINE,36,91.864,2,MEDIUM,18,FALSE,27.573,38.558,25.732,289.3,317.5,1,24.7,34.5,41.3,FALSE,4.3,FALSE
RUS,ALPINE,37,91.205,3,HARD,1,TRUE,27.288,38.366,25.551,286.8,316.6,1,24.6,40.3,61.2,FALSE,3.6,FALSE
RUS,ALPINE,38,91.353,3,HARD,2,FALSE,27.377,38.354,25.622,287.9,324.0,1,24.2,35.0,53.1,FALSE,5.0,FALSE
RUS,ALPINE,39,91.707,3,HARD,3,FALSE,27.586,38.546,25.575,301.9,328.8,1,25.4,40.0,41.5,FALSE,3.5,FALSE
RUS,ALPINE,40,91.44,3,HARD,4,FALSE,27.451,38.479,25.509,296.1,325.3,1,24.3,41.3,61.3,FALSE,4.7,FALSE
RUS,ALPINE,41,91.42,3,HARD,5,FALSE,27.423,38.411,25.586,293.1,321.4,1,23.3,37.9,35.7,FALSE,3.2,FALSE
RUS,ALPINE,42,91.635,3,HARD,6,FALSE,27.523,38.494,25.619,300.7,319.3,1,25.7,42.3,57.3,FALSE,5.5,FALSE
RUS,ALPINE,43,91.404,3,HARD,7,FALSE,27.374,38.424,25.606,289.8,332.7,1,22.5,34.3,68.1,FALSE,1.4,FALSE
RUS,ALPINE,44,91.726,3,HARD,8,FALSE,27.544,38.548,25.634,289.3,317.7,1,22.3,39.2,64.3,FALSE,2.1,FALSE
RUS,ALPINE,45,91.558,3,HARD,9,FALSE,27.456,38.507,25.595,284.1,318.0,1,24.7,36.0,65.1,FALSE,4.3,FALSE
RUS,ALPINE,46,91.813,3,HARD,10,FALSE,27.58,38.607,25.627,293.5,323.9,1,25.8,38.0,56.0,FALSE,1.1,FALSE
RUS,ALPINE,47,91.663,3,HARD,11,FALSE,27.522,38.471,25.671,288.0,321.4,1,22.8,34.8,59.9,FALSE,3.1,FALSE
RUS,ALPINE,48,91.793,3,HARD,12,FALSE,27.52,38.56,25.713,289.3,326.4,1,26.3,35.7,65.2,FALSE,1.1,FALSE
RUS,ALPINE,49,92.113,3,HARD,13,FALSE,27.593,38.647,25.873,298.8,319.8,1,24.3,36.2,57.9,FALSE,3.3,FALSE
RUS,ALPINE,50,91.854,3,HARD,14,FALSE,27.59,38.563,25.701,291.7,325.1,1,23.4,34.2,51.2,FALSE,5.9,FALSE
RUS,ALPINE,51,91.924,3,HARD,15,FALSE,27.56,38.631,25.733,302.3,319.3,1,24.6,36.1,39.1,FALSE,0.0,FALSE
RUS,ALPINE,52,92.012,3,HARD,16,FALSE,27.611,38.677,25.724,288.2,324.8,1,24.1,36.4,37.0,FALSE,3.9,FALSE
RUS,ALPINE,53,91.842,3,HARD,17,FALSE,27.569,38.53,25.743,294.6,314.9,1,27.7,40.8,63.2,FALSE,2.3,FALSE
RUS,ALPINE,54,91.937,3,HARD,18,FALSE,27.591,38.643,25.703,291.6,316.8,1,23.4,38.1,59.2,FALSE,1.7,FALSE
RUS,ALPINE,55,91.93,3,HARD,19,FALSE,27.597,38.591,25.742,305.4,316.2,1,23.7,36.6,68.5,FALSE,5.2,FALSE
SAI,MERCEDES,1,90.841,1,SOFT,1,TRUE,27.296,38.16,25.385,277.4,321.4,1,24.9,35.9,69.9,FALSE,0.7,FALSE
SAI,MERCEDES,2,90.79,1,SOFT,2,FALSE,27.268,38.113,25.409,304.3,321.2,1,24.9,35.9,69.9,FALSE,4.5,FALSE
SAI,MERCEDES,3,91.201,1,SOFT,3,FALSE,27.375,38.343,25.483,291.0,312.3,1,24.7,39.1,61.9,FALSE,4.5,FALSE
SAI,MERCEDES,4,91.458,1,SOFT,4,FALSE,27.396,38.419,25.643,275.5,327.1,1,26.8,36.8,36.2,FALSE,0.4,FALSE
SAI,MERCEDES,5,91.134,1,SOFT,5,FALSE,27.322,38.264,25.548,278.6,325.0,1,24.1,40.0,61.0,FALSE,1.4,FALSE
SAI,MERCEDES,6,91.368,1,SOFT,6,FALSE,27.449,38.428,25.491,295.5,320.6,1,21.4,40.8,61.6,FALSE,2.1,FALSE
SAI,MERCEDES,7,91.229,1,SOFT,7,FALSE,27.384,38.285,25.561,290.9,322.9,1,24.5,38.3,66.4,FALSE,3.2,FALSE
SAI,MERCEDES,8,91.425,1,SOFT,8,FALSE,27.395,38.434,25.596,280.3,331.7,1,25.5,39.8,61.9,FALSE,0.1,FALSE
SAI,MERCEDES,9,91.243,1,SOFT,9,FALSE,27.395,38.35,25.498,291.4,317.3,1,21.0,40.5,46.2,FALSE,3.9,FALSE
SAI,MERCEDES,10,91.536,1,SOFT,10,FALSE,27.498,38.433,25.605,292.1,325.6,1,21.9,36.7,65.8,FALSE,4.2,FALSE
SAI,MERCEDES,11,91.574,1,SOFT,11,FALSE,27.46,38.449,25.665,292.8,332.3,1,26.2,44.7,42.7,FALSE,4.5,FALSE
SAI,MERCEDES,12,92.078,1,SOFT,12,FALSE,27.645,38.649,25.784,297.3,321.0,1,20.1,39.1,40.9,FALSE,1.7,FALSE
SAI,MERCEDES,13,92.112,1,SOFT,13,FALSE,27.636,38.687,25.788,306.1,303.8,1,24.4,38.8,53.0,FALSE,4.8,FALSE
SAI,MERCEDES,14,91.897,1,SOFT,14,FALSE,27.544,38.593,25.759,286.5,328.2,1,22.9,37.1,57.0,FALSE,1.5,FALSE
SAI,MERCEDES,15,91.886,1,SOFT,15,FALSE,27.558,38.557,25.772,297.5,311.8,1,25.2,37.9,63.6,FALSE,0.1,FALSE
SAI,MERCEDES,16,92.294,1,SOFT,16,FALSE,27.678,38.761,25.855,289.4,333.6,1,26.7,39.5,48.5,FALSE,5.5,FALSE
SAI,MERCEDES,17,92.291,1,SOFT,17,FALSE,27.725,38.708,25.857,297.7,328.1,1,24.7,37.1,54.3,FALSE,2.0,FALSE
SAI,MERCEDES,18,92.407,1,SOFT,18,FALSE,27.771,38.821,25.815,283.0,320.1,1,26.3,35.3,46.5,FALSE,2.4,FALSE
SAI,MERCEDES,19,91.226,2,MEDIUM,1,TRUE,27.326,38.298,25.601,284.2,307.4,1,21.5,38.0,37.8,FALSE,1.9,FALSE
SAI,MERCEDES,20,91.266,2,MEDIUM,2,FALSE,27.381,38.299,25.586,286.2,314.1,1,26.0,38.8,41.4,FALSE,3.4,FALSE
SAI,MERCEDES,21,91.365,2,MEDIUM,3,FALSE,27.333,38.374,25.658,292.4,311.1,1,25.4,37.5,35.9,FALSE,5.1,FALSE
SAI,MERCEDES,22,91.446,2,MEDIUM,4,FALSE,27.501,38.436,25.508,283.3,303.7,1,21.4,39.1,66.4,FALSE,2.4,FALSE
SAI,MERCEDES,23,91.379,2,MEDIUM,5,FALSE,27.411,38.422,25.546,285.1,309.5,1,24.5,43.1,67.6,FALSE,3.3,FALSE
SAI,MERCEDES,24,91.517,2,MEDIUM,6,FALSE,27.452,38.448,25.618,283.3,318.5,1,21.5,32.8,35.6,FALSE,1.7,FALSE
SAI,MERCEDES,25,91.69,2,MEDIUM,7,FALSE,27.5,38.495,25.696,294.4,322.1,1,22.5,35.1,69.8,FALSE,1.2,FALSE
SAI,MERCEDES,26,91.66,2,MEDIUM,8,FALSE,27.506,38.552,25.602,291.8,323.6,1,26.9,34.6,68.6,FALSE,0.5,FALSE
SAI,MERCEDES,27,91.327,2,MEDIUM,9,FALSE,27.388,38.354,25.586,292.6,321.1,1,23.5,32.8,38.9,FALSE,1.8,FALSE
SAI,MERCEDES,28,91.495,2,MEDIUM,10,FALSE,27.475,38.389,25.631,288.2,310.1,1,24.6,37.6,53.8,FALSE,3.1,FALSE
SAI,MERCEDES,29,91.943,2,MEDIUM,11,FALSE,27.579,38.626,25.737,289.6,309.6,1,25.4,36.4,49.9,FALSE,5.3,FALSE
SAI,MERCEDES,30,91.642,2,MEDIUM,12,FALSE,27.427,38.497,25.717,288.0,309.4,1,23.5,42.6,53.7,FALSE,1.7,FALSE
SAI,MERCEDES,31,91.771,2,MEDIUM,13,FALSE,27.521,38.544,25.706,279.3,323.4,1,24.0,37.8,65.0,FALSE,5.2,FALSE
SAI,MERCEDES,32,91.992,2,MEDIUM,14,FALSE,27.606,38.625,25.761,285.7,326.7,1,25.8,37.5,41.7,FALSE,1.8,FALSE
SAI,MERCEDES,33,91.917,2,MEDIUM,15,FALSE,27.531,38.602,25.784,299.0,315.7,1,23.5,37.3,44.4,FALSE,1.2,FALSE
SAI,MERCEDES,34,91.229,2,MEDIUM,16,FALSE,27.614,38.65,25.672,288.0,306.5,1,22.0,37.2,56.2,FALSE,5.8,FALSE
SAI,MERCEDES,35,92.074,2,MEDIUM,17,FALSE,27.611,38.661,25.802,300.8,330.1,1,24.2,38.5,58.0,FALSE,5.7,FALSE
SAI,MERCEDES,36,91.88,2,MEDIUM,18,FALSE,27.58,38.539,25.761,298.5,345.6,1,24.9,38.6,55.3,FALSE,4.1,FALSE
SAI,MERCEDES,37,91.492,3,HARD,1,TRUE,27.449,38.412,25.631,284.2,303.8,1,23.3,38.2,43.1,FALSE,5.5,FALSE
SAI,MERCEDES,38,91.403,3,HARD,2,FALSE,27.412,38.429,25.563,283.5,337.9,1,21.9,32.8,49.8,FALSE,5.4,FALSE
SAI,MERCEDES,39,91.367,3,HARD,3,FALSE,27.402,38.367,25.597,303.2,329.8,1,23.2,42.3,60.3,FALSE,2.6,TRUE
SAI,MERCEDES,40,91.592,3,HARD,4,FALSE,27.469,38.463,25.66,282.5,315.3,1,26.1,36.3,44.8,FALSE,0.7,FALSE
SAI,MERCEDES,41,91.827,3,HARD,5,FALSE,27.575,38.56,25.692,298.7,330.3,1,24.9,40.4,62.2,FALSE,3.7,FALSE
SAI,MERCEDES,42,91.683,3,HARD,6,FALSE,27.526,38.515,25.643,278.2,335.2,1,22.6,43.6,68.6,FALSE,3.1,FALSE
SAI,MERCEDES,43,91.839,3,HARD,7,FALSE,27.553,38.597,25.689,295.4,306.9,1,20.0,39.0,52.9,FALSE,4.9,FALSE
SAI,MERCEDES,44,92.027,3,HARD,8,FALSE,27.633,38.616,25.778,291.4,324.1,1,24.0,35.3,37.1,FALSE,2.1,FALSE
SAI,MERCEDES,45,91.882,3,HARD,9,FALSE,27.59,38.577,25.714,292.8,321.4,1,25.3,35.4,47.1,FALSE,2.6,FALSE
SAI,MERCEDES,46,91.827,3,HARD,10,FALSE,27.511,38.597,25.718,276.9,305.8,1,22.4,39.9,68.3,FALSE,0.8,FALSE
SAI,MERCEDES,47,91.889,3,HARD,11,FALSE,27.53,38.627,25.732,298.1,337.9,1,23.7,35.5,56.6,FALSE,1.4,FALSE
SAI,MERCEDES,48,91.76,3,HARD,12,FALSE,27.516,38.55,25.694,286.6,333.9,1,26.1,33.8,69.7,FALSE,1.8,FALSE
SAI,MERCEDES,49,91.896,3,HARD,13,FALSE,27.525,38.594,25.777,282.8,314.1,1,23.3,36.2,58.0,FALSE,4.3,FALSE
SAI,MERCEDES,50,91.988,3,HARD,14,FALSE,27.58,38.595,25.813,269.36249999999995,333.1,1,21.6,39.3,64.4,FALSE,1.0,FALSE
SAI,MERCEDES,51,92.065,3,HARD,15,FALSE,27.581,38.689,25.795,292.8,294.0375,1,22.3,44.6,41.6,FALSE,6.0,FALSE
SAI,MERCEDES,52,91.831,3,HARD,16,FALSE,27.508,38.557,25.767,284.0,321.3,1,22.1,39.1,56.5,FALSE,0.5,FALSE
SAI,MERCEDES,53,92.246,3,HARD,17,FALSE,27.71,38.749,25.787,294.4,304.9,1,25.3,39.3,47.0,FALSE,2.5,FALSE
SAI,MERCEDES,54,92.091,3,HARD,18,FALSE,27.62,38.674,25.797,291.8,297.9,1,24.9,41.1,47.2,FALSE,1.3,FALSE
SAI,MERCEDES,55,92.326,3,HARD,19,FALSE,27.694,38.76,25.873,282.6,344.5,1,26.0,36.9,56.3,FALSE,3.2,FALSE
PER,RED BULL,1,89.78,1,SOFT,1,TRUE,26.882,37.666,25.233,288.3,323.3,1,23.5,41.4,36.4,FALSE,5.4,TRUE
PER,RED BULL,2,89.717,1,SOFT,2,FALSE,26.925,37.671,25.12,297.9,305.5,1,23.3,33.8,68.1,FALSE,2.8,FALSE
PER,RED BULL,3,90.113,1,SOFT,3,FALSE,27.073,37.825,25.216,288.5,320.5,1,24.1,37.1,51.3,FALSE,2.5,FALSE
PER,RED BULL,4,89.958,1,SOFT,4,FALSE,26.997,37.81,25.151,288.4,331.9,1,23.6,38.4,66.2,FALSE,5.7,FALSE
PER,RED BULL,5,89.8,1,SOFT,5,FALSE,26.915,37.689,25.196,284.0,312.1,1,22.1,37.0,45.4,FALSE,4.2,FALSE
PER,RED BULL,6,91.229,1,SOFT,6,FALSE,26.994,37.821,25.301,284.7,317.8,1,24.1,36.2,64.7,FALSE,3.7,FALSE
PER,RED BULL,7,90.191,1,SOFT,7,FALSE,27.04,37.906,25.245,292.2,309.2,1,22.9,35.3,57.9,FALSE,4.5,FALSE
PER,RED BULL,8,90.34,1,SOFT,8,FALSE,27.111,37.914,25.315,293.1,325.8,1,20.7,37.0,41.5,FALSE,2.0,FALSE
PER,RED BULL,9,90.837,1,SOFT,9,FALSE,27.255,38.136,25.446,283.7,315.2,1,22.7,38.0,64.1,FALSE,5.5,FALSE
PER,RED BULL,10,90.715,1,SOFT,10,FALSE,27.152,38.119,25.444,284.2,331.0,1,22.3,37.1,52.9,FALSE,4.3,FALSE
PER,RED BULL,11,90.564,1,SOFT,11,FALSE,27.145,38.069,25.35,284.9,337.3,1,24.9,35.2,63.2,FALSE,3.9,FALSE
PER,RED BULL,12,90.716,1,SOFT,12,FALSE,27.238,38.076,25.403,283.8,313.6,1,23.2,38.5,53.2,FALSE,3.0,FALSE
PER,RED BULL,13,90.97,1,SOFT,13,FALSE,27.277,38.213,25.48,289.8,307.2,1,24.5,35.1,57.2,FALSE,4.2,FALSE
PER,RED BULL,14,91.069,1,SOFT,14,FALSE,27.336,38.281,25.452,283.6,318.6,1,24.8,43.6,48.2,FALSE,2.6,FALSE
PER,RED BULL,15,91.252,1,SOFT,15,FALSE,27.411,38.318,25.523,292.7,335.9,1,24.9,36.2,53.9,FALSE,5.5,FALSE
PER,RED BULL,16,90.895,1,SOFT,16,FALSE,27.284,38.178,25.434,306.0,327.6,1,23.9,37.9,35.5,FALSE,0.3,FALSE
PER,RED BULL,17,91.084,1,SOFT,17,FALSE,27.309,38.266,25.51,291.5,315.9,1,21.1,35.8,58.1,FALSE,3.4,FALSE
PER,RED BULL,18,91.249,1,SOFT,18,FALSE,27.358,38.349,25.542,296.1,307.2,1,25.6,40.1,37.5,FALSE,3.5,FALSE
PER,RED BULL,19,90.113,2,MEDIUM,1,TRUE,27.014,37.837,25.262,278.8,322.1,1,25.1,38.6,40.3,FALSE,4.6,FALSE
PER,RED BULL,20,90.344,2,MEDIUM,2,FALSE,27.063,37.905,25.377,291.2,317.7,1,22.6,40.2,44.3,FALSE,5.7,FALSE
PER,RED BULL,21,90.104,2,MEDIUM,3,FALSE,26.972,37.804,25.327,285.5,321.2,1,24.8,36.3,59.1,FALSE,3.3,FALSE
PER,RED BULL,22,90.561,2,MEDIUM,4,FALSE,27.215,38.032,25.314,296.6,317.1,1,23.9,36.9,53.1,FALSE,1.3,FALSE
PER,RED BULL,23,90.36,2,MEDIUM,5,FALSE,27.134,37.984,25.242,292.1,322.9,1,23.1,34.4,53.4,FALSE,5.6,TRUE
PER,RED BULL,24,90.353,2,MEDIUM,6,FALSE,27.077,37.945,25.33,294.2,317.3,1,25.1,39.1,68.5,FALSE,5.8,TRUE
PER,RED BULL,25,90.731,2,MEDIUM,7,FALSE,27.23,38.138,25.363,284.7,309.2,1,23.7,39.1,41.0,FALSE,0.1,FALSE
PER,RED BULL,26,90.574,2,MEDIUM,8,FALSE,27.152,38.115,25.307,296.0,318.2,1,24.3,38.3,51.0,FALSE,0.2,FALSE
PER,RED BULL,27,90.601,2,MEDIUM,9,FALSE,27.199,38.061,25.341,307.4,317.4,1,23.6,37.3,67.0,FALSE,5.9,FALSE
PER,RED BULL,28,90.597,2,MEDIUM,10,FALSE,27.218,38.037,25.343,305.1,324.2,1,23.5,39.2,59.4,FALSE,5.2,FALSE
PER,RED BULL,29,90.596,2,MEDIUM,11,FALSE,27.241,38.064,25.29,285.4,317.1,1,24.8,36.1,64.0,FALSE,1.1,FALSE
PER,RED BULL,30,90.583,2,MEDIUM,12,FALSE,27.175,38.034,25.374,290.8,308.7,1,22.9,40.3,57.7,FALSE,0.7,FALSE
PER,RED BULL,31,90.744,2,MEDIUM,13,FALSE,27.226,38.109,25.408,286.5,325.6,1,24.8,34.6,38.8,FALSE,2.8,FALSE
PER,RED BULL,32,90.841,2,MEDIUM,14,FALSE,27.258,38.189,25.394,288.1,314.3,1,24.0,34.3,65.4,FALSE,4.5,FALSE
PER,RED BULL,33,90.555,2,MEDIUM,15,FALSE,27.137,38.011,25.406,293.4,330.1,1,24.6,37.6,41.8,FALSE,4.9,FALSE
PER,RED BULL,34,90.822,2,MEDIUM,16,FALSE,27.196,38.201,25.424,273.2,337.1,1,24.0,39.6,49.0,FALSE,3.9,FALSE
PER,RED BULL,35,90.84,2,MEDIUM,17,FALSE,27.265,38.101,25.474,298.3,302.5,1,22.9,39.5,56.4,FALSE,5.9,FALSE
PER,RED BULL,36,91.037,2,MEDIUM,18,FALSE,27.294,38.237,25.506,304.5,324.2,1,23.6,34.1,56.4,FALSE,1.6,FALSE
PER,RED BULL,37,90.546,3,HARD,1,TRUE,27.137,38.054,25.355,281.8,318.3,1,26.0,35.7,57.7,FALSE,4.2,FALSE
PER,RED BULL,38,90.576,3,HARD,2,FALSE,27.178,37.988,25.41,292.0,302.6,1,26.2,38.3,52.2,FALSE,0.7,FALSE
PER,RED BULL,39,90.595,3,HARD,3,FALSE,27.231,38.0,25.364,292.4,325.2,1,23.5,34.8,57.0,FALSE,4.1,FALSE
PER,RED BULL,40,90.554,3,HARD,4,FALSE,27.165,38.036,25.353,302.0,326.3,1,25.0,34.8,65.0,FALSE,6.0,FALSE
PER,RED BULL,41,90.445,3,HARD,5,FALSE,27.165,37.962,25.319,277.7,316.2,1,25.0,39.5,39.3,FALSE,1.2,FALSE
PER,RED BULL,42,90.891,3,HARD,6,FALSE,27.288,38.135,25.468,276.2,313.5,1,22.6,40.5,41.6,FALSE,3.6,FALSE
PER,RED BULL,43,90.631,3,HARD,7,FALSE,27.171,38.1,25.361,292.5,330.5,1,23.6,41.6,69.8,FALSE,4.2,FALSE
PER,RED BULL,44,90.635,3,HARD,8,FALSE,27.179,38.081,25.375,292.4,328.8,1,23.7,36.6,68.6,FALSE,5.8,FALSE
PER,RED BULL,45,90.89,3,HARD,9,FALSE,27.221,38.183,25.486,293.6,326.5,1,23.6,41.1,67.7,FALSE,3.8,TRUE
PER,RED BULL,46,90.367,3,HARD,10,FALSE,27.146,37.952,25.268,293.4,324.9,1,24.0,38.7,64.7,FALSE,1.3,FALSE
PER,RED BULL,47,90.953,3,HARD,11,FALSE,27.265,38.14,25.549,299.5,316.3,1,22.4,38.4,40.7,FALSE,0.2,FALSE
PER,RED BULL,48,91.148,3,HARD,12,FALSE,27.348,38.28,25.52,293.6,315.5,1,24.8,43.3,40.6,FALSE,2.4,FALSE
PER,RED BULL,49,90.694,3,HARD,13,FALSE,27.232,38.037,25.425,297.3,322.9,1,25.6,33.0,64.4,FALSE,5.8,TRUE
PER,RED BULL,50,90.858,3,HARD,14,FALSE,27.238,38.188,25.432,309.9,319.3,1,25.2,37.4,38.1,FALSE,3.8,FALSE
PER,RED BULL,51,90.867,3,HARD,15,FALSE,27.234,38.179,25.455,296.4,317.5,1,28.0,35.8,55.3,FALSE,1.6,TRUE
PER,RED BULL,52,90.801,3,HARD,16,FALSE,27.293,38.149,25.359,297.3,303.1,1,26.5,34.1,63.2,FALSE,2.1,FALSE
PER,RED BULL,53,91.029,3,HARD,17,FALSE,27.348,38.226,25.455,284.4,317.7,1,22.4,40.4,61.4,FALSE,4.7,FALSE
PER,RED BULL,54,90.843,3,HARD,18,FALSE,27.274,38.134,25.435,287.0,320.5,1,22.4,34.1,48.6,FALSE,3.0,FALSE
PER,RED BULL,55,90.999,3,HARD,19,FALSE,27.269,38.219,25.511,282.0,332.6,1,23.8,38.0,49.7,FALSE,1.6,TRUE
PIA,FERRARI,1,90.207,1,SOFT,1,TRUE,27.063,37.898,25.245,280.6,330.0,1,23.2,38.8,56.7,FALSE,2.9,FALSE
PIA,FERRARI,2,90.421,1,SOFT,2,FALSE,27.117,37.984,25.32,292.4,333.1,1,25.5,41.5,58.2,FALSE,5.2,FALSE
PIA,FERRARI,3,90.212,1,SOFT,3,FALSE,27.068,37.835,25.31,292.9,335.0,1,22.7,36.1,61.3,FALSE,1.0,FALSE
PIA,FERRARI,4,90.648,1,SOFT,4,FALSE,27.165,38.109,25.374,300.6,319.7,1,26.1,34.3,66.8,FALSE,3.5,TRUE
PIA,FERRARI,5,90.516,1,SOFT,5,FALSE,27.169,38.044,25.304,287.4,324.3,1,24.0,39.4,52.9,FALSE,1.5,FALSE
PIA,FERRARI,6,90.562,1,SOFT,6,FALSE,27.173,37.994,25.395,288.7,301.8,1,27.5,41.0,42.6,FALSE,1.5,FALSE
PIA,FERRARI,7,90.597,1,SOFT,7,FALSE,27.204,38.035,25.358,283.2,313.7,1,26.7,39.0,56.0,FALSE,1.9,FALSE
PIA,FERRARI,8,90.606,1,SOFT,8,FALSE,27.163,38.049,25.394,286.5,311.3,1,22.9,35.9,57.1,FALSE,0.3,FALSE
PIA,FERRARI,9,90.923,1,SOFT,9,FALSE,27.266,38.202,25.455,295.1,317.7,1,24.1,40.9,58.3,FALSE,1.5,TRUE
PIA,FERRARI,10,91.099,1,SOFT,10,FALSE,27.33,38.245,25.523,289.1,330.6,1,24.4,33.5,60.3,FALSE,3.1,FALSE
PIA,FERRARI,11,91.242,1,SOFT,11,FALSE,27.4,38.312,25.53,278.5,301.6,1,23.2,36.5,56.0,FALSE,0.7,TRUE
PIA,FERRARI,12,91.319,1,SOFT,12,FALSE,27.344,38.344,25.631,291.9,317.2,1,23.4,44.7,59.6,FALSE,2.7,FALSE
PIA,FERRARI,13,91.399,1,SOFT,13,FALSE,27.403,38.416,25.58,272.2,315.5,1,23.0,33.6,46.3,FALSE,3.5,FALSE
PIA,FERRARI,14,91.515,1,SOFT,14,FALSE,27.44,38.431,25.644,301.6,303.9,1,24.7,38.2,64.7,FALSE,4.5,FALSE
PIA,FERRARI,15,91.454,1,SOFT,15,FALSE,27.441,38.385,25.627,295.5,326.8,1,22.6,35.4,45.7,FALSE,0.1,FALSE
PIA,FERRARI,16,91.641,1,SOFT,16,FALSE,27.525,38.504,25.612,292.0,315.4,1,24.6,39.3,65.2,FALSE,4.1,FALSE
PIA,FERRARI,17,91.777,1,SOFT,17,FALSE,27.59,38.495,25.692,293.3,320.2,1,25.1,38.1,68.9,FALSE,4.3,TRUE
PIA,FERRARI,18,91.901,1,SOFT,18,FALSE,27.511,38.596,25.794,275.9,328.6,1,21.7,40.3,69.1,FALSE,5.7,FALSE
PIA,FERRARI,19,90.603,2,MEDIUM,1,TRUE,27.176,38.082,25.345,290.0,319.0,1,23.7,36.3,57.2,FALSE,4.5,FALSE
PIA,FERRARI,20,90.966,2,MEDIUM,2,FALSE,27.253,38.18,25.533,283.6,328.9,1,26.2,40.7,52.1,FALSE,2.5,FALSE
PIA,FERRARI,21,90.638,2,MEDIUM,3,FALSE,27.18,38.059,25.4,296.5,324.8,1,24.2,33.6,44.9,FALSE,3.1,FALSE
PIA,FERRARI,22,90.696,2,MEDIUM,4,FALSE,27.222,38.022,25.451,293.1,323.3,1,25.8,39.1,64.7,FALSE,5.4,FALSE
PIA,FERRARI,23,90.61,2,MEDIUM,5,FALSE,27.154,38.052,25.405,284.8,316.2,1,24.4,36.9,56.5,FALSE,4.6,FALSE
PIA,FERRARI,24,90.448,2,MEDIUM,6,FALSE,27.154,38.041,25.253,283.0,305.7,1,24.5,36.5,56.0,FALSE,5.2,FALSE
PIA,FERRARI,25,90.828,2,MEDIUM,7,FALSE,27.275,38.128,25.424,280.5,323.5,1,23.6,36.7,35.4,FALSE,5.1,FALSE
PIA,FERRARI,26,91.039,2,MEDIUM,8,FALSE,27.302,38.27,25.468,298.5,310.4,1,22.5,39.3,51.7,FALSE,5.0,FALSE
PIA,FERRARI,27,90.749,2,MEDIUM,9,FALSE,27.203,38.14,25.406,288.7,327.8,1,25.1,39.4,55.5,FALSE,4.3,FALSE
PIA,FERRARI,28,91.154,2,MEDIUM,10,FALSE,27.326,38.268,25.56,269.6,337.2,1,22.6,39.8,56.1,FALSE,2.0,FALSE
PIA,FERRARI,29,91.03,2,MEDIUM,11,FALSE,27.305,38.244,25.481,288.0,315.1,1,25.6,34.9,66.1,FALSE,3.6,FALSE
PIA,FERRARI,30,91.215,2,MEDIUM,12,FALSE,27.381,38.307,25.528,274.3,319.5,1,22.1,38.2,63.0,FALSE,5.6,FALSE
PIA,FERRARI,31,91.202,2,MEDIUM,13,FALSE,27.437,38.247,25.518,302.2,314.0,1,24.9,39.0,49.8,FALSE,0.6,FALSE
PIA,FERRARI,32,91.076,2,MEDIUM,14,FALSE,27.312,38.211,25.553,294.6,318.2,1,22.7,39.9,36.8,FALSE,1.4,FALSE
PIA,FERRARI,33,91.073,2,MEDIUM,15,FALSE,27.302,38.24,25.531,292.3,300.4,1,25.0,38.6,40.0,FALSE,0.7,FALSE
PIA,FERRARI,34,91.494,2,MEDIUM,16,FALSE,27.422,38.43,25.641,285.2,332.0,1,24.7,35.7,55.0,FALSE,5.3,FALSE
PIA,FERRARI,35,91.173,2,MEDIUM,17,FALSE,27.34,38.292,25.541,289.9,333.7,1,23.6,36.6,52.4,FALSE,2.8,FALSE
PIA,FERRARI,36,91.492,2,MEDIUM,18,FALSE,27.391,38.412,25.689,284.8,330.4,1,23.4,37.5,45.5,FALSE,2.8,FALSE
PIA,FERRARI,37,90.796,3,HARD,1,TRUE,27.223,38.118,25.454,285.2,312.7,1,23.4,41.2,60.5,FALSE,0.7,FALSE
PIA,FERRARI,38,90.941,3,HARD,2,FALSE,27.317,38.2,25.424,292.6,311.1,1,24.2,36.4,44.4,FALSE,0.9,FALSE
PIA,FERRARI,39,91.01,3,HARD,3,FALSE,27.292,38.185,25.532,293.4,329.7,1,25.5,37.3,57.8,FALSE,5.1,FALSE
PIA,FERRARI,40,91.15,3,HARD,4,FALSE,27.379,38.274,25.498,277.1,329.9,1,24.5,40.3,35.8,FALSE,1.6,FALSE
PIA,FERRARI,41,91.01,3,HARD,5,FALSE,27.319,38.234,25.457,295.4,314.9,1,22.4,40.2,65.4,FALSE,2.6,FALSE
PIA,FERRARI,42,91.055,3,HARD,6,FALSE,27.296,38.238,25.52,293.3,303.4,1,24.1,39.1,49.6,FALSE,5.4,FALSE
PIA,FERRARI,43,90.937,3,HARD,7,FALSE,27.285,38.238,25.415,289.4,330.3,1,23.0,37.1,69.5,FALSE,0.4,TRUE
PIA,FERRARI,44,91.273,3,HARD,8,FALSE,27.349,38.396,25.529,286.3,325.4,1,23.4,40.0,62.8,FALSE,3.0,FALSE
PIA,FERRARI,45,91.41,3,HARD,9,FALSE,27.393,38.449,25.568,296.3,334.1,1,24.6,35.5,45.1,FALSE,0.3,FALSE
PIA,FERRARI,46,91.128,3,HARD,10,FALSE,27.323,38.352,25.454,299.3,319.6,1,22.5,37.3,35.7,FALSE,0.7,TRUE
PIA,FERRARI,47,91.163,3,HARD,11,FALSE,27.385,38.29,25.488,299.6,321.6,1,24.2,39.0,69.7,FALSE,0.1,FALSE
PIA,FERRARI,48,91.175,3,HARD,12,FALSE,27.356,38.267,25.553,299.8,311.1,1,23.9,39.2,44.7,FALSE,3.1,FALSE
PIA,FERRARI,49,91.502,3,HARD,13,FALSE,27.417,38.449,25.637,292.5,315.9,1,24.2,34.3,48.1,FALSE,4.3,FALSE
PIA,FERRARI,50,91.331,3,HARD,14,FALSE,27.358,38.395,25.578,293.6,312.2,1,22.6,34.3,39.7,FALSE,3.8,FALSE
PIA,FERRARI,51,91.26,3,HARD,15,FALSE,27.417,38.275,25.567,290.4,316.3,1,24.8,33.1,45.0,FALSE,2.7,FALSE
PIA,FERRARI,52,91.325,3,HARD,16,FALSE,27.363,38.359,25.604,281.0,331.5,1,24.7,36.3,65.5,FALSE,1.4,FALSE
PIA,FERRARI,53,91.493,3,HARD,17,FALSE,27.435,38.423,25.635,304.5,319.4,1,24.8,34.8,52.7,FALSE,2.9,FALSE
PIA,FERRARI,54,91.452,3,HARD,18,FALSE,27.429,38.389,25.634,290.5,334.7,1,23.3,39.6,41.0,FALSE,2.8,FALSE
PIA,FERRARI,55,91.345,3,HARD,19,FALSE,27.383,38.307,25.654,303.0,327.0,1,24.1,38.1,51.2,FALSE,2.3,FALSE
GAS,MCLAREN,1,90.102,1,SOFT,1,TRUE,27.04,37.863,25.199,274.6,313.3,1,22.9,38.2,57.9,FALSE,1.3,FALSE
GAS,MCLAREN,2,92.989875,1,SOFT,2,FALSE,27.011,37.864,25.264,294.2,327.3,1,25.1,38.2,46.0,FALSE,3.3,FALSE
GAS,MCLAREN,3,90.545,1,SOFT,3,FALSE,27.189,37.989,25.367,281.9,322.2,1,25.2,38.2,45.4,FALSE,0.5,FALSE
GAS,MCLAREN,4,90.359,1,SOFT,4,FALSE,27.122,37.963,25.275,287.1,333.1,1,21.9,37.8,40.1,FALSE,5.9,FALSE
GAS,MCLAREN,5,90.633,1,SOFT,5,FALSE,27.193,38.069,25.37,288.5,309.5,1,24.7,39.0,54.6,FALSE,0.3,FALSE
GAS,MCLAREN,6,90.432,1,SOFT,6,FALSE,27.174,38.008,25.249,277.1,323.8,1,24.8,34.5,39.2,FALSE,4.1,FALSE
GAS,MCLAREN,7,90.978,1,SOFT,7,FALSE,27.29,38.229,25.46,285.3,320.6,1,25.0,35.4,50.9,FALSE,3.7,FALSE
GAS,MCLAREN,8,90.867,1,SOFT,8,FALSE,27.299,38.195,25.373,286.3,327.4,1,21.4,41.0,62.9,FALSE,3.8,FALSE
GAS,MCLAREN,9,91.027,1,SOFT,9,FALSE,27.358,38.209,25.461,282.8,316.5,1,24.1,43.9,59.3,FALSE,1.6,FALSE
GAS,MCLAREN,10,90.794,1,SOFT,10,FALSE,27.224,38.073,25.497,284.7,317.2,1,26.6,37.4,58.4,FALSE,5.0,FALSE
GAS,MCLAREN,11,91.201,1,SOFT,11,FALSE,27.376,38.283,25.542,308.7,299.8,1,24.2,40.0,69.1,FALSE,1.7,FALSE
GAS,MCLAREN,12,91.116,1,SOFT,12,FALSE,27.348,38.311,25.457,302.5,328.3,1,24.0,38.6,69.7,FALSE,3.0,FALSE
GAS,MCLAREN,13,91.271,1,SOFT,13,FALSE,27.394,38.332,25.545,295.8,321.3,1,22.7,34.6,58.9,FALSE,2.8,FALSE
GAS,MCLAREN,14,91.34,1,SOFT,14,FALSE,27.397,38.383,25.56,293.4,309.1,1,22.2,36.3,37.0,FALSE,4.7,FALSE
GAS,MCLAREN,15,91.229,1,SOFT,15,FALSE,27.335,38.312,25.582,282.5,318.4,1,25.5,38.4,50.0,FALSE,3.6,FALSE
GAS,MCLAREN,16,91.478,1,SOFT,16,FALSE,27.441,38.393,25.644,293.0,334.1,1,23.2,37.5,35.6,FALSE,5.2,FALSE
GAS,MCLAREN,17,91.678,1,SOFT,17,FALSE,27.492,38.464,25.721,287.0,307.5,1,25.8,36.3,58.8,FALSE,5.6,FALSE
GAS,MCLAREN,18,91.845,1,SOFT,18,FALSE,27.545,38.592,25.708,283.7,321.5,1,25.5,38.6,57.3,FALSE,5.9,TRUE
GAS,MCLAREN,19,92.271,1,SOFT,19,FALSE,27.703,38.763,25.805,298.4,329.8,1,25.2,38.8,68.8,FALSE,0.2,FALSE
GAS,MCLAREN,20,92.045,1,SOFT,20,FALSE,27.617,38.635,25.793,291.0,309.6,1,23.1,40.4,56.8,FALSE,2.3,FALSE
GAS,MCLAREN,21,92.063,1,SOFT,21,FALSE,27.68,38.684,25.699,295.4,327.5,1,21.6,40.3,67.1,FALSE,5.7,FALSE
GAS,MCLAREN,22,92.095,1,SOFT,22,FALSE,27.586,38.668,25.841,289.8,329.8,1,23.6,39.7,59.0,FALSE,5.3,FALSE
GAS,MCLAREN,23,91.229,1,SOFT,23,FALSE,27.588,38.559,25.728,279.9,324.0,1,24.6,38.9,57.3,FALSE,1.5,FALSE
GAS,MCLAREN,24,92.299,1,SOFT,24,FALSE,27.71,38.689,25.9,288.8,307.4,1,22.6,37.2,40.4,FALSE,1.2,FALSE
GAS,MCLAREN,25,92.002,1,SOFT,25,FALSE,27.653,38.622,25.726,288.6,330.0,1,25.0,35.2,35.1,FALSE,4.5,TRUE
GAS,MCLAREN,26,92.561,1,SOFT,26,FALSE,27.74,38.89,25.932,275.1,307.5,1,24.5,41.5,37.0,FALSE,3.6,FALSE
GAS,MCLAREN,27,92.529,1,SOFT,27,FALSE,27.799,38.855,25.876,297.2,294.0375,1,23.5,37.5,64.6,FALSE,5.1,TRUE
GAS,MCLAREN,28,90.503,2,MEDIUM,1,TRUE,27.185,37.966,25.351,294.8,301.5,1,21.8,41.4,50.7,FALSE,5.8,FALSE
GAS,MCLAREN,29,90.975,2,MEDIUM,2,FALSE,27.281,38.209,25.485,302.8,296.7,1,22.5,37.5,47.5,FALSE,4.1,FALSE
GAS,MCLAREN,30,90.662,2,MEDIUM,3,FALSE,27.142,38.081,25.439,285.3,315.1,1,25.2,44.7,66.8,FALSE,1.4,FALSE
GAS,MCLAREN,31,90.765,2,MEDIUM,4,FALSE,27.221,38.088,25.455,284.9,316.7,1,26.3,38.1,66.7,FALSE,0.5,FALSE
GAS,MCLAREN,32,90.738,2,MEDIUM,5,FALSE,27.189,38.144,25.405,289.6,323.3,1,24.9,39.9,48.3,FALSE,0.2,FALSE
GAS,MCLAREN,33,92.989875,2,MEDIUM,6,FALSE,27.267,38.229,25.525,299.4,345.2,1,24.4,37.7,60.2,FALSE,4.9,FALSE
GAS,MCLAREN,34,91.055,2,MEDIUM,7,FALSE,27.333,38.296,25.427,295.6,334.3,1,26.4,37.9,69.4,FALSE,2.2,FALSE
GAS,MCLAREN,35,90.898,2,MEDIUM,8,FALSE,27.245,38.151,25.502,285.7,329.4,1,24.3,33.1,54.1,FALSE,3.6,FALSE
GAS,MCLAREN,36,90.971,2,MEDIUM,9,FALSE,27.301,38.186,25.484,275.5,310.0,1,23.6,38.6,56.6,FALSE,5.1,FALSE
GAS,MCLAREN,37,91.345,2,MEDIUM,10,FALSE,27.381,38.392,25.573,283.0,315.1,1,23.1,37.8,44.3,FALSE,4.8,FALSE
GAS,MCLAREN,38,90.892,2,MEDIUM,11,FALSE,27.279,38.24,25.372,287.6,309.6,1,25.7,39.2,65.2,FALSE,0.2,FALSE
GAS,MCLAREN,39,90.974,2,MEDIUM,12,FALSE,27.278,38.218,25.478,286.7,316.9,1,26.0,35.7,45.4,FALSE,5.9,FALSE
GAS,MCLAREN,40,91.078,2,MEDIUM,13,FALSE,27.352,38.267,25.459,290.2,326.7,1,21.1,35.8,50.7,FALSE,4.8,FALSE
GAS,MCLAREN,41,91.346,2,MEDIUM,14,FALSE,27.368,38.364,25.615,281.6,321.5,1,23.7,40.7,37.5,FALSE,4.9,TRUE
GAS,MCLAREN,42,91.159,2,MEDIUM,15,FALSE,27.349,38.316,25.493,293.4,340.3,1,24.7,38.6,51.5,FALSE,3.5,FALSE
GAS,MCLAREN,43,91.302,2,MEDIUM,16,FALSE,27.329,38.327,25.646,301.6,332.5,1,25.3,34.6,43.3,FALSE,1.5,FALSE
GAS,MCLAREN,44,91.421,2,MEDIUM,17,FALSE,27.492,38.382,25.548,305.4,312.2,1,24.1,40.7,64.2,FALSE,5.4,FALSE
GAS,MCLAREN,45,91.316,2,MEDIUM,18,FALSE,27.386,38.366,25.564,294.9,323.5,1,25.5,34.8,38.6,FALSE,1.6,TRUE
GAS,MCLAREN,46,91.259,2,MEDIUM,19,FALSE,27.36,38.292,25.607,280.0,327.2,1,24.0,38.0,36.8,FALSE,0.9,FALSE
GAS,MCLAREN,47,91.008,2,MEDIUM,20,FALSE,27.29,38.256,25.462,287.0,317.5,1,25.6,39.3,42.1,FALSE,3.6,FALSE
GAS,MCLAREN,48,91.636,2,MEDIUM,21,FALSE,27.443,38.508,25.684,293.1,306.4,1,22.4,34.7,65.4,FALSE,3.4,FALSE
GAS,MCLAREN,49,91.585,2,MEDIUM,22,FALSE,27.448,38.454,25.684,286.1,313.7,1,23.9,34.6,59.2,FALSE,3.0,FALSE
GAS,MCLAREN,50,91.554,2,MEDIUM,23,FALSE,27.504,38.411,25.64,300.2,326.6,1,23.9,34.2,38.2,FALSE,0.3,FALSE
GAS,MCLAREN,51,91.59,2,MEDIUM,24,FALSE,27.454,38.392,25.744,284.5,329.2,1,22.7,40.8,63.7,FALSE,5.0,FALSE
GAS,MCLAREN,52,91.696,2,MEDIUM,25,FALSE,27.447,38.515,25.734,285.3,325.4,1,21.6,43.1,47.4,FALSE,4.0,FALSE
GAS,MCLAREN,53,91.818,2,MEDIUM,26,FALSE,27.513,38.527,25.778,280.7,325.0,1,24.9,34.3,52.8,FALSE,2.6,FALSE
GAS,MCLAREN,54,91.659,2,MEDIUM,27,FALSE,27.464,38.487,25.707,271.1,316.8,1,21.2,40.7,63.6,FALSE,3.1,FALSE
GAS,MCLAREN,55,91.947,2,MEDIUM,28,FALSE,27.6,38.692,25.654,292.8,337.2,1,24.3,37.6,65.7,FALSE,3.2,FALSE
