Target,Experiment,Varied,Architecture,Hidden Layers,Parameters,Learning Rate,Batch Size,Dropout,Optimizer,L2,Loss,Class Weighting,Mean Epochs Run,Mean Best Epoch,Validation Metric,Validation Metric Value,Validation Metric Std,CV RMSE,CV R2,Selected,CV ROC_AUC,CV F1 @0.5
target_laptime,E01,architecture (layers / neurons),45-128-64-32-1,3,16257,0.001,32,0.3,Adam,0.0001,mse,n/a,63.0,38.0,CV MAE (mean of 4 expanding-window folds),1.1524701628036782,0.48582791460821817,1.5609087614158226,0.38780770509421925,,,
target_laptime,E02,architecture (layers / neurons),45-64-32-1,2,5057,0.001,32,0.3,Adam,0.0001,mse,n/a,73.2,48.2,CV MAE (mean of 4 expanding-window folds),1.3702505275012755,0.70836586331479,1.7108219449491635,0.14088643528488562,,,
target_laptime,E03,architecture (layers / neurons),45-32-16-1,2,2017,0.001,32,0.3,Adam,0.0001,mse,n/a,80.8,55.8,CV MAE (mean of 4 expanding-window folds),1.344037594332666,0.45055341496344337,1.790857339230763,0.20404375216481085,,,
target_laptime,E04,learning rate,45-128-64-32-1,3,16257,0.0005,32,0.3,Adam,0.0001,mse,n/a,83.8,58.8,CV MAE (mean of 4 expanding-window folds),1.1911347066188127,0.48206672051711913,1.594889263684367,0.36686836880433765,,,
target_laptime,E05,learning rate,45-128-64-32-1,3,16257,0.0001,32,0.3,Adam,0.0001,mse,n/a,148.2,127.5,CV MAE (mean of 4 expanding-window folds),1.5916004477853307,0.9741154479102111,2.46717651491098,-0.5671692487997866,,,
target_laptime,E06,batch size,45-128-64-32-1,3,16257,0.001,16,0.3,Adam,0.0001,mse,n/a,61.8,36.8,CV MAE (mean of 4 expanding-window folds),1.1505003546008314,0.4705375411011803,1.561189336772274,0.39341414907967526,,,
target_laptime,E07,batch size,45-128-64-32-1,3,16257,0.001,64,0.3,Adam,0.0001,mse,n/a,73.5,48.5,CV MAE (mean of 4 expanding-window folds),1.2455171026943312,0.5167314243171112,1.6427086342793242,0.32802330513424033,,,
target_laptime,E08,dropout,45-128-64-32-1,3,16257,0.001,16,0.2,Adam,0.0001,mse,n/a,53.0,28.0,CV MAE (mean of 4 expanding-window folds),1.1393398392209966,0.4875549521195651,1.5648800053153171,0.3970626691126201,,,
target_laptime,E09,dropout,45-128-64-32-1,3,16257,0.001,16,0.4,Adam,0.0001,mse,n/a,79.5,54.5,CV MAE (mean of 4 expanding-window folds),1.204963701810913,0.43802424809494,1.5965165096682243,0.35800975423663894,,,
target_laptime,E10,dropout,45-128-64-32-1,3,16257,0.001,16,0.5,Adam,0.0001,mse,n/a,96.0,71.0,CV MAE (mean of 4 expanding-window folds),1.330734913786097,0.41258463612835483,1.6782313051782682,0.30196219079312603,,,
target_laptime,E11,optimizer,45-128-64-32-1,3,16257,0.001,16,0.2,RMSprop,0.0001,mse,n/a,65.0,40.0,CV MAE (mean of 4 expanding-window folds),1.0185625372738782,0.3991656560769976,1.4599230451694392,0.4668587191196558,,,
target_laptime,E12,L2 regularisation,45-128-64-32-1,3,16257,0.001,16,0.2,RMSprop,0.001,mse,n/a,88.2,63.2,CV MAE (mean of 4 expanding-window folds),0.952961523956102,0.42207518155320084,1.4145310542129022,0.4880685375403481,YES,,
target_laptime,E13,loss function,45-128-64-32-1,3,16257,0.001,16,0.2,RMSprop,0.001,huber,n/a,80.8,55.8,CV MAE (mean of 4 expanding-window folds),0.9771469358914204,0.4373682405474961,1.4394864734896569,0.47742756302608835,,,
target_pit_next_lap,E01,class weighting,8-128-64-32-1,3,11521,0.001,32,0.3,Adam,0.0001,binary_crossentropy,none,47.2,22.2,CV PR_AUC (mean of 4 expanding-window folds),0.4213902930531257,0.1387269636758791,,,,0.8182051169302412,0.03571428571428571
target_pit_next_lap,E02,class weighting,8-128-64-32-1,3,11521,0.001,32,0.3,Adam,0.0001,binary_crossentropy,balanced (inside the loss),36.5,11.5,CV PR_AUC (mean of 4 expanding-window folds),0.36082141445451194,0.16569714368307453,,,,0.8200465878326575,0.3327190827190827
target_pit_next_lap,E03,architecture (layers / neurons),8-32-16-1,2,833,0.001,32,0.3,Adam,0.0001,binary_crossentropy,none,50.5,25.5,CV PR_AUC (mean of 4 expanding-window folds),0.43733596435437805,0.3472623413813533,,,,0.7851051858359073,0.0
target_pit_next_lap,E04,architecture (layers / neurons),8-16-8-1,2,289,0.001,32,0.3,Adam,0.0001,binary_crossentropy,none,92.0,67.0,CV PR_AUC (mean of 4 expanding-window folds),0.45158893060918004,0.13236102413046658,,,,0.8987381508992207,0.0
target_pit_next_lap,E05,learning rate,8-16-8-1,2,289,0.0005,32,0.3,Adam,0.0001,binary_crossentropy,none,114.8,89.8,CV PR_AUC (mean of 4 expanding-window folds),0.36385344851178225,0.10498460985953785,,,,0.8887539003055173,0.0
target_pit_next_lap,E06,learning rate,8-16-8-1,2,289,0.0001,32,0.3,Adam,0.0001,binary_crossentropy,none,224.8,206.0,CV PR_AUC (mean of 4 expanding-window folds),0.33343244744128764,0.13155249548733083,,,,0.864140212157936,0.0
target_pit_next_lap,E07,batch size,8-16-8-1,2,289,0.001,16,0.3,Adam,0.0001,binary_crossentropy,none,80.0,55.0,CV PR_AUC (mean of 4 expanding-window folds),0.4310952982637793,0.10721858316384797,,,,0.8935418676012582,0.0
target_pit_next_lap,E08,batch size,8-16-8-1,2,289,0.001,64,0.3,Adam,0.0001,binary_crossentropy,none,102.2,77.2,CV PR_AUC (mean of 4 expanding-window folds),0.3757513120396513,0.11365482715622303,,,,0.8880466810115442,0.0
target_pit_next_lap,E09,dropout,8-16-8-1,2,289,0.001,32,0.2,Adam,0.0001,binary_crossentropy,none,90.5,65.5,CV PR_AUC (mean of 4 expanding-window folds),0.4355821128114693,0.11602647585699766,,,,0.8932092846116477,0.038461538461538464
target_pit_next_lap,E10,dropout,8-16-8-1,2,289,0.001,32,0.4,Adam,0.0001,binary_crossentropy,none,76.8,51.8,CV PR_AUC (mean of 4 expanding-window folds),0.36781329150169206,0.10678803371364548,,,,0.8863577774491953,0.0
target_pit_next_lap,E11,dropout,8-16-8-1,2,289,0.001,32,0.5,Adam,0.0001,binary_crossentropy,none,111.5,86.5,CV PR_AUC (mean of 4 expanding-window folds),0.42990498698963164,0.11911068091940903,,,,0.8912149705371099,0.0
target_pit_next_lap,E12,optimizer,8-16-8-1,2,289,0.001,32,0.3,RMSprop,0.0001,binary_crossentropy,none,102.0,77.0,CV PR_AUC (mean of 4 expanding-window folds),0.4816648902335793,0.11518553835202895,,,YES,0.9025326798569958,0.0
target_pit_next_lap,E13,L2 regularisation,8-16-8-1,2,289,0.001,32,0.3,RMSprop,0.001,binary_crossentropy,none,101.2,76.2,CV PR_AUC (mean of 4 expanding-window folds),0.47310284755390997,0.15034982319031825,,,,0.9014362353603647,0.0
