target,model,family,is_task6_selected,mae,rmse,r2,accuracy,precision,recall,f1,roc_auc,pr_auc,decision_threshold
target_laptime,dnn_mlp,deep,False,0.5651487986246745,0.9083166156712367,0.4563625697811138,,,,,,,
target_laptime,linear_regression,classical,False,0.7900968753200531,1.141441062668266,0.14149703141275993,,,,,,,
target_laptime,decision_tree,classical,False,0.8673476599610876,1.33075044521226,-0.1668850011117824,,,,,,,
target_laptime,random_forest,classical,False,0.9253493148742199,1.2670569038087527,-0.05785722468193044,,,,,,,
target_laptime,svr,classical,True,0.7814539478981232,1.0290236008487383,0.3022730658092154,,,,,,,
target_laptime,xgboost,classical,False,1.0858447513156468,1.441168384547523,-0.36856134696928633,,,,,,,
target_pit_next_lap,dnn_mlp,deep,False,,,,0.9944444444444445,0.0,0.0,0.0,0.776536312849162,0.024390243902439025,0.1524
target_pit_next_lap,logistic_regression,classical,False,,,,0.4888888888888889,0.010752688172043012,1.0,0.02127659574468085,0.9832402234636871,0.25,0.5756
target_pit_next_lap,decision_tree,classical,False,,,,0.6111111111111112,0.014084507042253521,1.0,0.027777777777777776,0.9692737430167598,0.08333333333333333,0.7608
target_pit_next_lap,random_forest,classical,True,,,,0.8777777777777778,0.043478260869565216,1.0,0.08333333333333333,0.9832402234636871,0.25,0.4803
target_pit_next_lap,svm,classical,False,,,,0.9944444444444445,0.0,0.0,0.0,0.7988826815642458,0.02702702702702703,0.1008
target_pit_next_lap,xgboost,classical,False,,,,0.8277777777777777,0.03125,1.0,0.06060606060606061,0.9273743016759776,0.07142857142857142,0.1527
