,tyre_life,stint_number,tyrelife_x_soft,tyrelife_x_medium,gap_roll3_mean,gap_roll3_std,gap_expanding,form_vs_baseline,field_median_lag1,field_pace_trend,humidity,wind_speed,tracktemp_dev_x_tyrelife,track_status,is_fresh_tyre,compound_soft,compound_medium,team_alphatauri,team_alpine,team_aston_martin,team_ferrari,team_haas_f1_team,team_mclaren,team_mercedes,team_red_bull_racing,team_williams,driver_alo,driver_bot,driver_dev,driver_gas,driver_ham,driver_hul,driver_lec,driver_mag,driver_nor,driver_oco,driver_per,driver_pia,driver_rus,driver_sai,driver_sar,driver_str,driver_tsu,driver_ver,driver_zho
tyre_life,1.0,0.027809,0.233717,-0.04859,-0.249801,-0.446796,-0.147421,-0.122734,-0.236561,0.015975,-0.085369,-0.235049,-0.595659,-0.052756,-0.122573,-0.033208,-0.080596,0.017415,-0.080558,0.090359,0.020842,-0.092717,-0.150303,0.100805,0.091459,-0.121152,0.050709,0.064675,0.067305,-0.077625,0.073357,-0.036272,-0.046908,-0.091107,-0.15018,-0.03,0.076376,-0.029157,0.065053,0.065053,-0.081206,0.073357,-0.042899,0.0492,0.052834
stint_number,0.027809,1.0,-0.18378,0.141836,0.15413,0.180241,0.36013,-0.071491,-0.507477,0.011577,-0.315537,-0.612559,-0.672961,0.120055,0.079633,-0.20329,0.160186,0.042036,0.09494,-0.076595,-0.10726,0.067343,0.12611,-0.053212,-0.103318,0.078931,-0.059463,-0.022771,-0.016207,0.082719,-0.031944,0.062455,-0.114866,0.030065,0.205245,0.045716,-0.073223,-0.152334,-0.041117,-0.041117,0.039319,-0.045704,0.073546,-0.068636,-0.034715
tyrelife_x_soft,0.233717,-0.18378,1.0,-0.062521,-0.215977,-0.25444,-0.211795,-0.051374,0.141816,0.017257,0.138653,0.106406,0.134505,-0.065961,-0.656971,0.854694,-0.07061,-0.065585,-0.047025,-0.085107,-0.098373,0.025916,0.024509,-0.123549,0.185687,0.160907,-0.065413,-0.121301,-0.119239,-0.01884,-0.091028,0.043645,-0.055731,-0.008039,-0.008898,-0.048805,0.123985,0.079248,-0.078609,-0.078609,0.130568,-0.051441,0.02851,0.130971,0.147013
tyrelife_x_medium,-0.04859,0.141836,-0.062521,1.0,0.00923,0.020208,0.048053,-0.006149,-0.056684,-0.004958,-0.013801,-0.003029,0.001887,-0.010471,0.050577,-0.07315,0.885443,-0.030969,-0.028477,-0.031131,-0.028135,-0.030807,0.346089,-0.031131,-0.031131,-0.030969,-0.021372,-0.021372,-0.021162,-0.021372,-0.021372,-0.021162,-0.017286,-0.021162,0.379924,-0.017778,-0.021372,-0.008989,-0.021372,-0.021372,-0.021162,-0.021372,-0.021372,-0.021372,-0.021162
gap_roll3_mean,-0.249801,0.15413,-0.215977,0.00923,1.0,0.407438,0.537647,0.463971,-0.189831,-0.021315,-0.122443,0.031521,-0.06712,-0.0974,0.172084,-0.181095,0.02761,0.137699,0.043664,-0.107217,-0.107039,0.119718,0.061196,-0.076695,-0.278988,0.07587,-0.100138,0.036301,0.164234,-0.036574,-0.059417,0.064368,-0.088073,0.100108,0.051757,0.109229,-0.177419,0.032819,-0.045889,-0.062921,0.065032,-0.047075,0.025501,-0.205642,0.160004
gap_roll3_std,-0.446796,0.180241,-0.25444,0.020208,0.407438,1.0,0.03056,0.16115,0.048394,-0.123322,-0.114144,0.011821,0.064379,0.138293,0.095567,-0.208227,0.065436,-0.059264,-0.007191,0.028284,0.018601,-0.045316,0.136453,-2.6e-05,0.082443,-0.089113,0.021834,-0.035422,-0.015524,-0.04105,-0.002212,-0.038997,0.011978,-0.023261,0.170461,0.037655,0.04347,-0.049658,0.002176,0.013677,-0.054641,0.017002,-0.065653,0.069727,-0.012017
gap_expanding,-0.147421,0.36013,-0.211795,0.048053,0.537647,0.03056,1.0,-0.099107,-0.141761,0.002139,-0.140507,-0.108426,-0.176423,0.019317,0.295371,-0.156915,0.056048,0.236148,0.151622,-0.114941,-0.350782,0.345457,0.152662,-0.15628,-0.647946,0.199771,-0.110795,0.059584,0.209881,0.089826,-0.129612,0.197726,-0.326584,0.276881,0.136745,0.122986,-0.366229,0.064852,-0.084967,-0.174918,0.1674,-0.047023,0.114878,-0.523424,0.22527
form_vs_baseline,-0.122734,-0.071491,-0.051374,-0.006149,0.463971,0.16115,-0.099107,1.0,-0.126166,-0.227277,0.010239,0.13062,0.03871,-0.225728,-0.028774,-0.049326,0.008507,-0.012207,-0.0454,-0.029855,0.094871,-0.079834,-0.028772,0.018389,0.105864,-0.042814,-0.0258,-0.002777,0.023936,-0.07668,0.01954,-0.048854,0.096853,-0.060826,-0.027164,0.022021,0.042545,-0.009118,0.005709,0.040279,-0.033788,-0.015192,-0.040419,0.10281,0.025986
field_median_lag1,-0.236561,-0.507477,0.141816,-0.056684,-0.189831,0.048394,-0.141761,-0.126166,1.0,0.422422,0.189098,0.281146,0.538039,0.253188,-0.119917,0.238976,-0.050529,-0.009651,0.024045,-0.011391,0.015324,-0.007897,0.044164,-0.011391,-0.011391,-0.009651,-0.00782,-0.00782,-0.005424,-0.00782,-0.00782,-0.005424,0.033025,-0.005424,-0.00224,0.045587,-0.00782,0.112024,-0.00782,-0.00782,-0.005424,-0.00782,-0.00782,-0.00782,-0.005424
field_pace_trend,0.015975,0.011577,0.017257,-0.004958,-0.021315,-0.123322,0.002139,-0.227277,0.422422,1.0,0.017654,-0.187604,-0.008013,0.372555,-0.013141,0.02417,-0.010681,-0.001723,0.013192,-0.000984,-0.003261,-0.002469,0.001637,-0.000984,-0.000984,-0.001723,-0.000676,-0.000676,-0.001696,-0.000676,-0.000676,-0.001696,-0.00419,-0.001696,-0.002132,0.020737,-0.000676,0.008725,-0.000676,-0.000676,-0.001696,-0.000676,-0.000676,-0.000676,-0.001696
humidity,-0.085369,-0.315537,0.138653,-0.013801,-0.122443,-0.114144,-0.140507,0.010239,0.189098,0.017654,1.0,0.115519,0.21372,-0.018156,-0.157794,0.302779,-0.015586,-0.011201,0.007434,-0.011655,0.008592,-0.010743,0.041819,-0.011655,0.009507,-0.000577,-0.008001,-0.008001,-0.00738,-0.008001,-0.008001,-0.00738,0.022903,-0.00738,0.008041,0.020693,0.006526,0.083403,-0.008001,-0.008001,-0.00738,-0.008001,-0.008001,0.006526,-0.00738
wind_speed,-0.235049,-0.612559,0.106406,-0.003029,0.031521,0.011821,-0.108426,0.13062,0.281146,-0.187604,0.115519,1.0,0.570892,-0.200769,-0.046723,0.107729,0.016085,0.002545,0.035877,-0.00748,0.036637,-0.032649,0.014048,-0.010289,-0.041179,0.002545,-0.009955,0.005468,0.003829,0.00354,-0.011883,-0.033124,0.068352,-0.01173,-0.031201,0.050041,-0.031162,0.10366,-0.002244,-0.009955,-0.013675,-0.000316,-0.000316,-0.025378,0.005774
tracktemp_dev_x_tyrelife,-0.595659,-0.672961,0.134505,0.001887,-0.06712,0.064379,-0.176423,0.03871,0.538039,-0.008013,0.21372,0.570892,1.0,-0.017876,-0.164117,0.270643,0.00872,-0.059074,0.067547,-0.032014,0.032685,0.030292,0.0785,-0.054563,0.005622,0.027181,-0.011117,-0.064927,-0.069079,0.006474,-0.042273,0.009411,0.088923,0.032205,0.037143,0.09444,0.004872,0.107361,-0.032645,-0.031915,0.025966,-0.03284,-0.012307,0.002847,-0.033356
track_status,-0.052756,0.120055,-0.065961,-0.010471,-0.0974,0.138293,0.019317,-0.225728,0.253188,0.372555,-0.018156,-0.200769,-0.017876,1.0,0.034213,-0.046421,-0.011826,-0.015367,0.021862,0.014292,0.009199,-0.015049,0.024579,0.014292,-0.015684,-0.015367,0.03039,-0.010767,-0.010337,-0.010767,0.03039,-0.010337,-0.02274,-0.010337,0.031996,0.045771,-0.010767,-0.011826,-0.010767,0.03039,-0.010337,-0.010767,-0.010767,-0.010767,-0.010337
is_fresh_tyre,-0.122573,0.079633,-0.656971,0.050577,0.172084,0.095567,0.295371,-0.028774,-0.119917,-0.013141,-0.157794,-0.046723,-0.164117,0.034213,1.0,-0.610192,0.057121,0.068238,-0.029308,0.024606,0.097103,0.013522,-0.028304,0.054729,-0.284159,0.068238,0.022062,0.135804,0.134469,0.135804,0.042743,-0.115891,0.109838,0.134469,-0.056343,-0.204827,-0.18474,0.057121,0.032403,0.032403,0.134469,0.011722,-0.039978,-0.205421,-0.115891
compound_soft,-0.033208,-0.20329,0.854694,-0.07315,-0.181095,-0.208227,-0.156915,-0.049326,0.238976,0.02417,0.302779,0.107729,0.270643,-0.046421,-0.610192,1.0,-0.082614,-0.072883,-0.035274,-0.134541,-0.115636,0.055723,0.08544,-0.1609,0.135634,0.264565,-0.096889,-0.124032,-0.121461,0.011685,-0.114984,0.024586,-0.049092,0.051969,0.037721,-0.067127,0.084067,0.122888,-0.105937,-0.105937,0.198016,-0.087841,0.020733,0.102163,0.106737
compound_medium,-0.080596,0.160186,-0.07061,0.885443,0.02761,0.065436,0.056048,0.008507,-0.050529,-0.010681,-0.015586,0.016085,0.00872,-0.011826,0.057121,-0.082614,1.0,-0.034976,-0.032161,-0.035159,-0.031775,-0.034792,0.390865,-0.035159,-0.035159,-0.034976,-0.024137,-0.024137,-0.0239,-0.024137,-0.024137,-0.0239,-0.019522,-0.0239,0.429078,-0.020078,-0.024137,-0.010152,-0.024137,-0.024137,-0.0239,-0.024137,-0.024137,-0.024137,-0.0239
team_alphatauri,0.017415,0.042036,-0.065585,-0.030969,0.137699,-0.059264,0.236148,-0.012207,-0.009651,-0.001723,-0.011201,0.002545,-0.059074,-0.015367,0.068238,-0.072883,-0.034976,1.0,-0.110799,-0.121125,-0.109467,-0.119864,-0.089483,-0.121125,-0.121125,-0.120495,-0.083155,-0.083155,0.683325,-0.083155,-0.083155,-0.082338,-0.067255,-0.082338,-0.081514,-0.069171,-0.083155,-0.034976,-0.083155,-0.083155,-0.082338,-0.083155,0.690107,-0.083155,-0.082338
team_alpine,-0.080558,0.09494,-0.047025,-0.028477,0.043664,-0.007191,0.151622,-0.0454,0.024045,0.013192,0.007434,0.035877,0.067547,0.021862,-0.029308,-0.035274,-0.032161,-0.110799,1.0,-0.111378,-0.100658,-0.110218,-0.082282,-0.111378,-0.111378,-0.110799,-0.076463,-0.076463,-0.075712,0.750502,-0.076463,-0.075712,-0.061843,-0.075712,-0.074954,0.624289,-0.076463,-0.032161,-0.076463,-0.076463,-0.075712,-0.076463,-0.076463,-0.076463,-0.075712
team_aston_martin,0.090359,-0.076595,-0.085107,-0.031131,-0.107217,0.028284,-0.114941,-0.029855,-0.011391,-0.000984,-0.011655,-0.00748,-0.032014,0.014292,0.024606,-0.134541,-0.035159,-0.121125,-0.111378,1.0,-0.110039,-0.12049,-0.089951,-0.121759,-0.121759,-0.121125,0.686518,-0.08359,-0.082768,-0.08359,-0.08359,-0.082768,-0.067607,-0.082768,-0.08194,-0.069532,-0.08359,-0.035159,-0.08359,-0.08359,-0.082768,0.686518,-0.08359,-0.08359,-0.082768
team_ferrari,0.020842,-0.10726,-0.098373,-0.028135,-0.107039,0.018601,-0.350782,0.094871,0.015324,-0.003261,0.008592,0.036637,0.032685,0.009199,0.097103,-0.115636,-0.031775,-0.109467,-0.100658,-0.110039,1.0,-0.108893,-0.081293,-0.110039,-0.110039,-0.109467,-0.075544,-0.075544,-0.074801,-0.075544,-0.075544,-0.074801,0.614391,-0.074801,-0.074053,-0.06284,-0.075544,-0.031775,-0.075544,0.759635,-0.074801,-0.075544,-0.075544,-0.075544,-0.074801
team_haas_f1_team,-0.092717,0.067343,0.025916,-0.030807,0.119718,-0.045316,0.345457,-0.079834,-0.007897,-0.002469,-0.010743,-0.032649,0.030292,-0.015049,0.013522,0.055723,-0.034792,-0.119864,-0.110218,-0.12049,-0.108893,1.0,-0.089014,-0.12049,-0.12049,-0.119864,-0.082719,-0.082719,-0.081906,-0.082719,-0.082719,0.686927,-0.066903,0.686927,-0.081086,-0.068808,-0.082719,-0.034792,-0.082719,-0.082719,-0.081906,-0.082719,-0.082719,-0.082719,-0.081906
team_mclaren,-0.150303,0.12611,0.024509,0.346089,0.061196,0.136453,0.152662,-0.028772,0.044164,0.001637,0.041819,0.014048,0.0785,0.024579,-0.028304,0.08544,0.390865,-0.089483,-0.082282,-0.089951,-0.081293,-0.089014,1.0,-0.089951,-0.089951,-0.089483,-0.061753,-0.061753,-0.061146,-0.061753,-0.061753,-0.061146,-0.049946,-0.061146,0.910942,-0.051368,-0.061753,0.390865,-0.061753,-0.061753,-0.061146,-0.061753,-0.061753,-0.061753,-0.061146
team_mercedes,0.100805,-0.053212,-0.123549,-0.031131,-0.076695,-2.6e-05,-0.15628,0.018389,-0.011391,-0.000984,-0.011655,-0.010289,-0.054563,0.014292,0.054729,-0.1609,-0.035159,-0.121125,-0.111378,-0.121759,-0.110039,-0.12049,-0.089951,1.0,-0.121759,-0.121125,-0.08359,-0.08359,-0.082768,-0.08359,0.686518,-0.082768,-0.067607,-0.082768,-0.08194,-0.069532,-0.08359,-0.035159,0.686518,-0.08359,-0.082768,-0.08359,-0.08359,-0.08359,-0.082768
team_red_bull_racing,0.091459,-0.103318,0.185687,-0.031131,-0.278988,0.082443,-0.647946,0.105864,-0.011391,-0.000984,0.009507,-0.041179,0.005622,-0.015684,-0.284159,0.135634,-0.035159,-0.121125,-0.111378,-0.121759,-0.110039,-0.12049,-0.089951,-0.121759,1.0,-0.121125,-0.08359,-0.08359,-0.082768,-0.08359,-0.08359,-0.082768,-0.067607,-0.082768,-0.08194,-0.069532,0.686518,-0.035159,-0.08359,-0.08359,-0.082768,-0.08359,-0.08359,0.686518,-0.082768
team_williams,-0.121152,0.078931,0.160907,-0.030969,0.07587,-0.089113,0.199771,-0.042814,-0.009651,-0.001723,-0.000577,0.002545,0.027181,-0.015367,0.068238,0.264565,-0.034976,-0.120495,-0.110799,-0.121125,-0.109467,-0.119864,-0.089483,-0.121125,-0.121125,1.0,-0.083155,-0.083155,-0.082338,-0.083155,-0.083155,-0.082338,-0.067255,-0.082338,-0.081514,-0.069171,-0.083155,-0.034976,-0.083155,-0.083155,0.683325,-0.083155,-0.083155,-0.083155,-0.082338
driver_alo,0.050709,-0.059463,-0.065413,-0.021372,-0.100138,0.021834,-0.110795,-0.0258,-0.00782,-0.000676,-0.008001,-0.009955,-0.011117,0.03039,0.022062,-0.096889,-0.024137,-0.083155,-0.076463,0.686518,-0.075544,-0.082719,-0.061753,-0.08359,-0.08359,-0.083155,1.0,-0.057386,-0.056822,-0.057386,-0.057386,-0.056822,-0.046413,-0.056822,-0.056253,-0.047735,-0.057386,-0.024137,-0.057386,-0.057386,-0.056822,-0.057386,-0.057386,-0.057386,-0.056822
driver_bot,0.064675,-0.022771,-0.121301,-0.021372,0.036301,-0.035422,0.059584,-0.002777,-0.00782,-0.000676,-0.008001,0.005468,-0.064927,-0.010767,0.135804,-0.124032,-0.024137,-0.083155,-0.076463,-0.08359,-0.075544,-0.082719,-0.061753,-0.08359,-0.08359,-0.083155,-0.057386,1.0,-0.056822,-0.057386,-0.057386,-0.056822,-0.046413,-0.056822,-0.056253,-0.047735,-0.057386,-0.024137,-0.057386,-0.057386,-0.056822,-0.057386,-0.057386,-0.057386,-0.056822
driver_dev,0.067305,-0.016207,-0.119239,-0.021162,0.164234,-0.015524,0.209881,0.023936,-0.005424,-0.001696,-0.00738,0.003829,-0.069079,-0.010337,0.134469,-0.121461,-0.0239,0.683325,-0.075712,-0.082768,-0.074801,-0.081906,-0.061146,-0.082768,-0.082768,-0.082338,-0.056822,-0.056822,1.0,-0.056822,-0.056822,-0.056263,-0.045957,-0.056263,-0.0557,-0.047266,-0.056822,-0.0239,-0.056822,-0.056822,-0.056263,-0.056822,-0.056822,-0.056822,-0.056263
driver_gas,-0.077625,0.082719,-0.01884,-0.021372,-0.036574,-0.04105,0.089826,-0.07668,-0.00782,-0.000676,-0.008001,0.00354,0.006474,-0.010767,0.135804,0.011685,-0.024137,-0.083155,0.750502,-0.08359,-0.075544,-0.082719,-0.061753,-0.08359,-0.08359,-0.083155,-0.057386,-0.057386,-0.056822,1.0,-0.057386,-0.056822,-0.046413,-0.056822,-0.056253,-0.047735,-0.057386,-0.024137,-0.057386,-0.057386,-0.056822,-0.057386,-0.057386,-0.057386,-0.056822
driver_ham,0.073357,-0.031944,-0.091028,-0.021372,-0.059417,-0.002212,-0.129612,0.01954,-0.00782,-0.000676,-0.008001,-0.011883,-0.042273,0.03039,0.042743,-0.114984,-0.024137,-0.083155,-0.076463,-0.08359,-0.075544,-0.082719,-0.061753,0.686518,-0.08359,-0.083155,-0.057386,-0.057386,-0.056822,-0.057386,1.0,-0.056822,-0.046413,-0.056822,-0.056253,-0.047735,-0.057386,-0.024137,-0.057386,-0.057386,-0.056822,-0.057386,-0.057386,-0.057386,-0.056822
driver_hul,-0.036272,0.062455,0.043645,-0.021162,0.064368,-0.038997,0.197726,-0.048854,-0.005424,-0.001696,-0.00738,-0.033124,0.009411,-0.010337,-0.115891,0.024586,-0.0239,-0.082338,-0.075712,-0.082768,-0.074801,0.686927,-0.061146,-0.082768,-0.082768,-0.082338,-0.056822,-0.056822,-0.056263,-0.056822,-0.056822,1.0,-0.045957,-0.056263,-0.0557,-0.047266,-0.056822,-0.0239,-0.056822,-0.056822,-0.056263,-0.056822,-0.056822,-0.056822,-0.056263
driver_lec,-0.046908,-0.114866,-0.055731,-0.017286,-0.088073,0.011978,-0.326584,0.096853,0.033025,-0.00419,0.022903,0.068352,0.088923,-0.02274,0.109838,-0.049092,-0.019522,-0.067255,-0.061843,-0.067607,0.614391,-0.066903,-0.049946,-0.067607,-0.067607,-0.067255,-0.046413,-0.046413,-0.045957,-0.046413,-0.046413,-0.045957,1.0,-0.045957,-0.045498,-0.038608,-0.046413,-0.019522,-0.046413,-0.046413,-0.045957,-0.046413,-0.046413,-0.046413,-0.045957
driver_mag,-0.091107,0.030065,-0.008039,-0.021162,0.100108,-0.023261,0.276881,-0.060826,-0.005424,-0.001696,-0.00738,-0.01173,0.032205,-0.010337,0.134469,0.051969,-0.0239,-0.082338,-0.075712,-0.082768,-0.074801,0.686927,-0.061146,-0.082768,-0.082768,-0.082338,-0.056822,-0.056822,-0.056263,-0.056822,-0.056822,-0.056263,-0.045957,1.0,-0.0557,-0.047266,-0.056822,-0.0239,-0.056822,-0.056822,-0.056263,-0.056822,-0.056822,-0.056822,-0.056263
driver_nor,-0.15018,0.205245,-0.008898,0.379924,0.051757,0.170461,0.136745,-0.027164,-0.00224,-0.002132,0.008041,-0.031201,0.037143,0.031996,-0.056343,0.037721,0.429078,-0.081514,-0.074954,-0.08194,-0.074053,-0.081086,0.910942,-0.08194,-0.08194,-0.081514,-0.056253,-0.056253,-0.0557,-0.056253,-0.056253,-0.0557,-0.045498,-0.0557,1.0,-0.046793,-0.056253,-0.023661,-0.056253,-0.056253,-0.0557,-0.056253,-0.056253,-0.056253,-0.0557
driver_oco,-0.03,0.045716,-0.048805,-0.017778,0.109229,0.037655,0.122986,0.022021,0.045587,0.020737,0.020693,0.050041,0.09444,0.045771,-0.204827,-0.067127,-0.020078,-0.069171,0.624289,-0.069532,-0.06284,-0.068808,-0.051368,-0.069532,-0.069532,-0.069171,-0.047735,-0.047735,-0.047266,-0.047735,-0.047735,-0.047266,-0.038608,-0.047266,-0.046793,1.0,-0.047735,-0.020078,-0.047735,-0.047735,-0.047266,-0.047735,-0.047735,-0.047735,-0.047266
driver_per,0.076376,-0.073223,0.123985,-0.021372,-0.177419,0.04347,-0.366229,0.042545,-0.00782,-0.000676,0.006526,-0.031162,0.004872,-0.010767,-0.18474,0.084067,-0.024137,-0.083155,-0.076463,-0.08359,-0.075544,-0.082719,-0.061753,-0.08359,0.686518,-0.083155,-0.057386,-0.057386,-0.056822,-0.057386,-0.057386,-0.056822,-0.046413,-0.056822,-0.056253,-0.047735,1.0,-0.024137,-0.057386,-0.057386,-0.056822,-0.057386,-0.057386,-0.057386,-0.056822
driver_pia,-0.029157,-0.152334,0.079248,-0.008989,0.032819,-0.049658,0.064852,-0.009118,0.112024,0.008725,0.083403,0.10366,0.107361,-0.011826,0.057121,0.122888,-0.010152,-0.034976,-0.032161,-0.035159,-0.031775,-0.034792,0.390865,-0.035159,-0.035159,-0.034976,-0.024137,-0.024137,-0.0239,-0.024137,-0.024137,-0.0239,-0.019522,-0.0239,-0.023661,-0.020078,-0.024137,1.0,-0.024137,-0.024137,-0.0239,-0.024137,-0.024137,-0.024137,-0.0239
driver_rus,0.065053,-0.041117,-0.078609,-0.021372,-0.045889,0.002176,-0.084967,0.005709,-0.00782,-0.000676,-0.008001,-0.002244,-0.032645,-0.010767,0.032403,-0.105937,-0.024137,-0.083155,-0.076463,-0.08359,-0.075544,-0.082719,-0.061753,0.686518,-0.08359,-0.083155,-0.057386,-0.057386,-0.056822,-0.057386,-0.057386,-0.056822,-0.046413,-0.056822,-0.056253,-0.047735,-0.057386,-0.024137,1.0,-0.057386,-0.056822,-0.057386,-0.057386,-0.057386,-0.056822
driver_sai,0.065053,-0.041117,-0.078609,-0.021372,-0.062921,0.013677,-0.174918,0.040279,-0.00782,-0.000676,-0.008001,-0.009955,-0.031915,0.03039,0.032403,-0.105937,-0.024137,-0.083155,-0.076463,-0.08359,0.759635,-0.082719,-0.061753,-0.08359,-0.08359,-0.083155,-0.057386,-0.057386,-0.056822,-0.057386,-0.057386,-0.056822,-0.046413,-0.056822,-0.056253,-0.047735,-0.057386,-0.024137,-0.057386,1.0,-0.056822,-0.057386,-0.057386,-0.057386,-0.056822
driver_sar,-0.081206,0.039319,0.130568,-0.021162,0.065032,-0.054641,0.1674,-0.033788,-0.005424,-0.001696,-0.00738,-0.013675,0.025966,-0.010337,0.134469,0.198016,-0.0239,-0.082338,-0.075712,-0.082768,-0.074801,-0.081906,-0.061146,-0.082768,-0.082768,0.683325,-0.056822,-0.056822,-0.056263,-0.056822,-0.056822,-0.056263,-0.045957,-0.056263,-0.0557,-0.047266,-0.056822,-0.0239,-0.056822,-0.056822,1.0,-0.056822,-0.056822,-0.056822,-0.056263
driver_str,0.073357,-0.045704,-0.051441,-0.021372,-0.047075,0.017002,-0.047023,-0.015192,-0.00782,-0.000676,-0.008001,-0.000316,-0.03284,-0.010767,0.011722,-0.087841,-0.024137,-0.083155,-0.076463,0.686518,-0.075544,-0.082719,-0.061753,-0.08359,-0.08359,-0.083155,-0.057386,-0.057386,-0.056822,-0.057386,-0.057386,-0.056822,-0.046413,-0.056822,-0.056253,-0.047735,-0.057386,-0.024137,-0.057386,-0.057386,-0.056822,1.0,-0.057386,-0.057386,-0.056822
driver_tsu,-0.042899,0.073546,0.02851,-0.021372,0.025501,-0.065653,0.114878,-0.040419,-0.00782,-0.000676,-0.008001,-0.000316,-0.012307,-0.010767,-0.039978,0.020733,-0.024137,0.690107,-0.076463,-0.08359,-0.075544,-0.082719,-0.061753,-0.08359,-0.08359,-0.083155,-0.057386,-0.057386,-0.056822,-0.057386,-0.057386,-0.056822,-0.046413,-0.056822,-0.056253,-0.047735,-0.057386,-0.024137,-0.057386,-0.057386,-0.056822,-0.057386,1.0,-0.057386,-0.056822
driver_ver,0.0492,-0.068636,0.130971,-0.021372,-0.205642,0.069727,-0.523424,0.10281,-0.00782,-0.000676,0.006526,-0.025378,0.002847,-0.010767,-0.205421,0.102163,-0.024137,-0.083155,-0.076463,-0.08359,-0.075544,-0.082719,-0.061753,-0.08359,0.686518,-0.083155,-0.057386,-0.057386,-0.056822,-0.057386,-0.057386,-0.056822,-0.046413,-0.056822,-0.056253,-0.047735,-0.057386,-0.024137,-0.057386,-0.057386,-0.056822,-0.057386,-0.057386,1.0,-0.056822
driver_zho,0.052834,-0.034715,0.147013,-0.021162,0.160004,-0.012017,0.22527,0.025986,-0.005424,-0.001696,-0.00738,0.005774,-0.033356,-0.010337,-0.115891,0.106737,-0.0239,-0.082338,-0.075712,-0.082768,-0.074801,-0.081906,-0.061146,-0.082768,-0.082768,-0.082338,-0.056822,-0.056822,-0.056263,-0.056822,-0.056822,-0.056263,-0.045957,-0.056263,-0.0557,-0.047266,-0.056822,-0.0239,-0.056822,-0.056822,-0.056263,-0.056822,-0.056822,-0.056822,1.0
