feature,mutual_info,tree_importance,l1_coef,avg_rank,stability
field_median_lag1,0.521238,0.147239,0.483339,2.333333,1.0
stint_number,0.384076,0.085774,0.527616,3.333333,1.0
gap_expanding,0.467422,0.057534,0.444035,5.0,1.0
track_status,0.062631,0.129063,0.488628,6.333333,0.5
tracktemp_dev_x_tyrelife,0.598237,0.086256,0.022436,6.333333,1.0
form_vs_baseline,0.230742,0.040486,0.444262,6.333333,1.0
field_pace_trend,0.238208,0.017256,0.209956,7.0,1.0
gap_roll3_std,0.190356,0.031231,0.102993,8.666667,1.0
wind_speed,0.195373,0.002955,0.164959,10.0,0.75
tyrelife_x_soft,0.110851,0.009881,0.08245,10.666667,1.0
tyre_life,0.168488,0.275348,0.0,14.0,1.0
gap_roll3_mean,0.231394,0.078669,0.0,14.333333,1.0
team_red_bull_racing,0.037456,0.002135,0.071602,14.666667,0.75
driver_dev,0.028745,0.00177,0.018427,18.0,0.0
driver_oco,0.007303,0.003159,0.052815,18.333333,0.0
team_aston_martin,0.007197,0.002052,0.036617,20.333333,0.0
driver_per,0.014186,0.003513,0.0,22.333333,0.0
driver_rus,0.01698,0.002051,0.0,23.666667,0.0
compound_soft,0.075605,0.000942,0.0,23.666667,0.0
humidity,0.08608,0.000801,0.0,24.0,0.0
team_mclaren,0.0,0.001537,0.088492,24.666667,0.0
driver_gas,0.021223,0.001207,0.0,25.0,0.0
driver_zho,0.014052,0.001872,0.0,25.333333,0.0
driver_alo,0.012312,0.000578,0.013418,25.333333,0.0
driver_bot,0.037814,0.000746,0.0,25.666667,0.0
driver_ver,0.033712,0.000786,0.0,26.0,0.0
team_mercedes,0.014079,0.001176,0.0,26.666667,0.0
driver_str,0.001675,0.002261,0.0,27.666667,0.0
team_alpine,0.009805,0.001026,0.0,28.333333,0.0
is_fresh_tyre,0.0,0.003743,0.0,28.333333,0.0
team_williams,0.016641,0.000419,0.0,29.666667,0.0
driver_nor,0.00039,0.001635,0.0,30.333333,0.0
driver_pia,0.021618,0.0001,0.0,31.666667,0.0
team_alphatauri,0.005736,0.0007,0.0,32.333333,0.0
driver_sar,0.012783,0.000276,0.0,32.666667,0.0
driver_lec,0.006966,0.000412,0.0,33.0,0.0
tyrelife_x_medium,0.0,0.000848,0.0,33.666667,0.0
team_haas_f1_team,0.002368,0.000445,0.0,33.666667,0.0
driver_mag,0.006812,0.000331,0.0,34.0,0.0
driver_ham,0.0068,0.000371,0.0,34.0,0.0
driver_hul,0.0,0.000534,0.0,35.666667,0.0
driver_sai,0.001639,0.000222,0.0,37.0,0.0
driver_tsu,0.0,0.000309,0.0,37.666667,0.0
team_ferrari,0.0,0.00023,0.0,38.333333,0.0
compound_medium,0.0,0.000121,0.0,39.0,0.0
