target,case,driver,team,compound,lap,model,method,changed_feature,derived_features_recomputed,original_value,original_prediction,searched_range,new_value,change,new_prediction,prediction_change_s,note,original_decision,new_decision,decision_flipped
target_laptime,fastest_predicted_lap,GAS,ALPINE,SOFT,47.0,Task 7 DNN,tyre-age scan (derived tyre features recomputed),tyre_life,tracktemp_dev_x_tyrelife; tyrelife_x_soft; tyrelife_x_medium,7.0,96.06127166748047,1-22,2.0,-5,96.15670013427734,0.095428466796875,predicted lap time for a realistic change in tyre age,,,
target_laptime,fastest_predicted_lap,GAS,ALPINE,SOFT,47.0,Task 7 DNN,tyre-age scan (derived tyre features recomputed),tyre_life,tracktemp_dev_x_tyrelife; tyrelife_x_soft; tyrelife_x_medium,7.0,96.06127166748047,1-22,5.0,-2,96.06998443603516,0.0087127685546875,predicted lap time for a realistic change in tyre age,,,
target_laptime,fastest_predicted_lap,GAS,ALPINE,SOFT,47.0,Task 7 DNN,tyre-age scan (derived tyre features recomputed),tyre_life,tracktemp_dev_x_tyrelife; tyrelife_x_soft; tyrelife_x_medium,7.0,96.06127166748047,1-22,9.0,2,96.07062530517578,0.0093536376953125,predicted lap time for a realistic change in tyre age,,,
target_laptime,fastest_predicted_lap,GAS,ALPINE,SOFT,47.0,Task 7 DNN,tyre-age scan (derived tyre features recomputed),tyre_life,tracktemp_dev_x_tyrelife; tyrelife_x_soft; tyrelife_x_medium,7.0,96.06127166748047,1-22,12.0,5,96.14287567138672,0.08160400390625,predicted lap time for a realistic change in tyre age,,,
target_laptime,median_predicted_lap,ALB,WILLIAMS,SOFT,53.0,Task 7 DNN,tyre-age scan (derived tyre features recomputed),tyre_life,tracktemp_dev_x_tyrelife; tyrelife_x_soft; tyrelife_x_medium,13.0,97.61602783203125,1-22,8.0,-5,97.6470718383789,0.03104400634765625,predicted lap time for a realistic change in tyre age,,,
target_laptime,median_predicted_lap,ALB,WILLIAMS,SOFT,53.0,Task 7 DNN,tyre-age scan (derived tyre features recomputed),tyre_life,tracktemp_dev_x_tyrelife; tyrelife_x_soft; tyrelife_x_medium,13.0,97.61602783203125,1-22,11.0,-2,97.6055679321289,-0.01045989990234375,predicted lap time for a realistic change in tyre age,,,
target_laptime,median_predicted_lap,ALB,WILLIAMS,SOFT,53.0,Task 7 DNN,tyre-age scan (derived tyre features recomputed),tyre_life,tracktemp_dev_x_tyrelife; tyrelife_x_soft; tyrelife_x_medium,13.0,97.61602783203125,1-22,15.0,2,97.62334442138672,0.00731658935546875,predicted lap time for a realistic change in tyre age,,,
target_laptime,median_predicted_lap,ALB,WILLIAMS,SOFT,53.0,Task 7 DNN,tyre-age scan (derived tyre features recomputed),tyre_life,tracktemp_dev_x_tyrelife; tyrelife_x_soft; tyrelife_x_medium,13.0,97.61602783203125,1-22,18.0,5,97.69593811035156,0.0799102783203125,predicted lap time for a realistic change in tyre age,,,
target_laptime,slowest_predicted_lap,ZHO,ALFA ROMEO,SOFT,55.0,Task 7 DNN,tyre-age scan (derived tyre features recomputed),tyre_life,tracktemp_dev_x_tyrelife; tyrelife_x_soft; tyrelife_x_medium,4.0,100.84445190429688,1-22,2.0,-2,101.51891326904297,0.6744613647460938,predicted lap time for a realistic change in tyre age,,,
target_laptime,slowest_predicted_lap,ZHO,ALFA ROMEO,SOFT,55.0,Task 7 DNN,tyre-age scan (derived tyre features recomputed),tyre_life,tracktemp_dev_x_tyrelife; tyrelife_x_soft; tyrelife_x_medium,4.0,100.84445190429688,1-22,6.0,2,100.2540512084961,-0.5904006958007812,predicted lap time for a realistic change in tyre age,,,
target_laptime,slowest_predicted_lap,ZHO,ALFA ROMEO,SOFT,55.0,Task 7 DNN,tyre-age scan (derived tyre features recomputed),tyre_life,tracktemp_dev_x_tyrelife; tyrelife_x_soft; tyrelife_x_medium,4.0,100.84445190429688,1-22,9.0,5,99.55496978759766,-1.2894821166992188,predicted lap time for a realistic change in tyre age,,,
target_laptime,freshest_tyres,NOR,MCLAREN,SOFT,48.0,Task 7 DNN,tyre-age scan (derived tyre features recomputed),tyre_life,tracktemp_dev_x_tyrelife; tyrelife_x_soft; tyrelife_x_medium,5.0,100.127197265625,1-22,3.0,-2,100.74727630615234,0.6200790405273438,predicted lap time for a realistic change in tyre age,,,
target_laptime,freshest_tyres,NOR,MCLAREN,SOFT,48.0,Task 7 DNN,tyre-age scan (derived tyre features recomputed),tyre_life,tracktemp_dev_x_tyrelife; tyrelife_x_soft; tyrelife_x_medium,5.0,100.127197265625,1-22,7.0,2,99.58489227294922,-0.5423049926757812,predicted lap time for a realistic change in tyre age,,,
target_laptime,freshest_tyres,NOR,MCLAREN,SOFT,48.0,Task 7 DNN,tyre-age scan (derived tyre features recomputed),tyre_life,tracktemp_dev_x_tyrelife; tyrelife_x_soft; tyrelife_x_medium,5.0,100.127197265625,1-22,10.0,5,99.15210723876953,-0.9750900268554688,predicted lap time for a realistic change in tyre age,,,
target_pit_next_lap,lowest_pit_probability,NOR,MCLAREN,SOFT,51.0,Task 7 DNN,tyre-age scan (derived tyre features recomputed),tyre_life,tracktemp_dev_x_tyrelife; tyrelife_x_soft,8.0,0.0025092128198593855,1-22,,,,,no tyre age in the training range flips this decision,stay out,,False
target_pit_next_lap,closest_to_decision_boundary,ZHO,ALFA ROMEO,SOFT,48.0,Task 7 DNN,tyre-age scan (derived tyre features recomputed),tyre_life,tracktemp_dev_x_tyrelife; tyrelife_x_soft,19.0,0.12869270145893097,1-22,,,,,no tyre age in the training range flips this decision,stay out,,False
target_pit_next_lap,actual_pit_lap,ZHO,ALFA ROMEO,SOFT,54.0,Task 7 DNN,tyre-age scan (derived tyre features recomputed),tyre_life,tracktemp_dev_x_tyrelife; tyrelife_x_soft,25.0,0.0630241334438324,1-22,,,,,no tyre age in the training range flips this decision,stay out,,False
target_pit_next_lap,dice_1,,,,,Task 6 random_forest,DiCE (random search),tracktemp_dev_x_tyrelife,,tracktemp_dev_x_tyrelife=-17.28,,,tracktemp_dev_x_tyrelife=0.7162,tracktemp_dev_x_tyrelife:+17.99,,,DiCE multi-feature counterfactual on Task 6's model (supplementary),,,True
target_pit_next_lap,dice_2,,,,,Task 6 random_forest,DiCE (random search),field_median_lag1,,field_median_lag1=97.43,,,field_median_lag1=101.7,field_median_lag1:+4.27,,,DiCE multi-feature counterfactual on Task 6's model (supplementary),,,True
target_pit_next_lap,dice_3,,,,,Task 6 random_forest,DiCE (random search),tracktemp_dev_x_tyrelife,,tracktemp_dev_x_tyrelife=-17.28,,,tracktemp_dev_x_tyrelife=6.705,tracktemp_dev_x_tyrelife:+23.98,,,DiCE multi-feature counterfactual on Task 6's model (supplementary),,,True
