analysis,target,group_type,group,n_laps,mae,rmse,mean_error_bias,sample_note,n_pit_laps,accuracy,precision,recall,f1,false_positive_rate,false_negative_rate,predicted_pit_rate,mean_pit_probability,identity_attribution_share,expected_share_if_uniform
F1-specific performance stratification,target_laptime,overall,all test laps,180.0,0.5651487986246745,0.9083166156712367,-0.12461848788791233,OK,,,,,,,,,,,
F1-specific performance stratification,target_laptime,Driver,ALB,11.0,0.23478282581676135,0.35152950574558495,-0.23478282581676135,SMALL SAMPLE (n=11) — descriptive only,,,,,,,,,,,
F1-specific performance stratification,target_laptime,Driver,ALO,11.0,0.31462166526100854,0.41548707654685496,-0.00908938321200284,SMALL SAMPLE (n=11) — descriptive only,,,,,,,,,,,
F1-specific performance stratification,target_laptime,Driver,BOT,11.0,0.41657881303267047,0.4617530792699965,0.32637440074573865,SMALL SAMPLE (n=11) — descriptive only,,,,,,,,,,,
F1-specific performance stratification,target_laptime,Driver,DEV,10.0,0.6909599304199219,0.7681772838368452,0.24516983032226564,SMALL SAMPLE (n=10) — descriptive only,,,,,,,,,,,
F1-specific performance stratification,target_laptime,Driver,GAS,11.0,0.4755894054066051,0.5898907998407901,-0.4755894054066051,SMALL SAMPLE (n=11) — descriptive only,,,,,,,,,,,
F1-specific performance stratification,target_laptime,Driver,HAM,11.0,0.3696843927556818,0.454692681099573,0.16267811168323865,SMALL SAMPLE (n=11) — descriptive only,,,,,,,,,,,
F1-specific performance stratification,target_laptime,Driver,HUL,10.0,0.7476249694824219,0.8843209329742117,-0.21125411987304688,SMALL SAMPLE (n=10) — descriptive only,,,,,,,,,,,
F1-specific performance stratification,target_laptime,Driver,MAG,10.0,0.6333198547363281,0.8313473331588748,-0.6333198547363281,SMALL SAMPLE (n=10) — descriptive only,,,,,,,,,,,
F1-specific performance stratification,target_laptime,Driver,NOR,9.0,2.3160137600368924,2.7000138396153206,-1.3457005818684895,SMALL SAMPLE (n=9) — descriptive only,,,,,,,,,,,
F1-specific performance stratification,target_laptime,Driver,PER,11.0,0.2792476307262074,0.37088353024711396,0.02454931085759943,SMALL SAMPLE (n=11) — descriptive only,,,,,,,,,,,
F1-specific performance stratification,target_laptime,Driver,RUS,11.0,0.27514232288707385,0.33226394504612133,0.2353030118075284,SMALL SAMPLE (n=11) — descriptive only,,,,,,,,,,,
F1-specific performance stratification,target_laptime,Driver,SAI,11.0,0.32122872092507104,0.3945097639590613,0.21980355002663352,SMALL SAMPLE (n=11) — descriptive only,,,,,,,,,,,
F1-specific performance stratification,target_laptime,Driver,SAR,10.0,0.5824295043945312,0.7836771318288401,-0.39306182861328126,SMALL SAMPLE (n=10) — descriptive only,,,,,,,,,,,
F1-specific performance stratification,target_laptime,Driver,STR,11.0,0.33365631103515625,0.4019125830790274,0.1596464677290483,SMALL SAMPLE (n=11) — descriptive only,,,,,,,,,,,
F1-specific performance stratification,target_laptime,Driver,TSU,11.0,0.36433896151455963,0.43576379499256873,-0.36433896151455963,SMALL SAMPLE (n=11) — descriptive only,,,,,,,,,,,
F1-specific performance stratification,target_laptime,Driver,VER,11.0,0.2664767178622159,0.39465471504833183,-0.19319014115767044,SMALL SAMPLE (n=11) — descriptive only,,,,,,,,,,,
F1-specific performance stratification,target_laptime,Driver,ZHO,10.0,1.4174491882324218,1.8546791249626449,0.12396316528320313,SMALL SAMPLE (n=10) — descriptive only,,,,,,,,,,,
F1-specific performance stratification,target_laptime,Team,ALFA ROMEO,21.0,0.8931837536039806,1.322762648940801,0.22998809814453125,SMALL SAMPLE (n=21) — descriptive only,,,,,,,,,,,
F1-specific performance stratification,target_laptime,Team,ALPHATAURI,21.0,0.5198727562313988,0.6168180378947576,-0.0740966796875,SMALL SAMPLE (n=21) — descriptive only,,,,,,,,,,,
F1-specific performance stratification,target_laptime,Team,ALPINE,11.0,0.4755894054066051,0.5898907998407901,-0.4755894054066051,SMALL SAMPLE (n=11) — descriptive only,,,,,,,,,,,
F1-specific performance stratification,target_laptime,Team,ASTON MARTIN,22.0,0.3241389881480824,0.40875618357078597,0.07527854225852272,SMALL SAMPLE (n=22) — descriptive only,,,,,,,,,,,
F1-specific performance stratification,target_laptime,Team,FERRARI,11.0,0.32122872092507104,0.3945097639590613,0.21980355002663352,SMALL SAMPLE (n=11) — descriptive only,,,,,,,,,,,
F1-specific performance stratification,target_laptime,Team,HAAS F1 TEAM,20.0,0.690472412109375,0.8582429437073029,-0.4222869873046875,SMALL SAMPLE (n=20) — descriptive only,,,,,,,,,,,
F1-specific performance stratification,target_laptime,Team,MCLAREN,9.0,2.3160137600368924,2.7000138396153206,-1.3457005818684895,SMALL SAMPLE (n=9) — descriptive only,,,,,,,,,,,
F1-specific performance stratification,target_laptime,Team,MERCEDES,22.0,0.32241335782137787,0.3982114786285862,0.19899056174538352,SMALL SAMPLE (n=22) — descriptive only,,,,,,,,,,,
F1-specific performance stratification,target_laptime,Team,RED BULL RACING,22.0,0.27286217429421167,0.382953611497817,-0.08432041515003551,SMALL SAMPLE (n=22) — descriptive only,,,,,,,,,,,
F1-specific performance stratification,target_laptime,Team,WILLIAMS,21.0,0.40032886323474703,0.5976462322359297,-0.3101537795293899,SMALL SAMPLE (n=21) — descriptive only,,,,,,,,,,,
F1-specific performance stratification,target_laptime,Compound,HARD,99.0,0.38766864815143626,0.5516249053802557,0.09608012498027146,OK,,,,,,,,,,,
F1-specific performance stratification,target_laptime,Compound,SOFT,81.0,0.7820689825364101,1.2089293283036966,-0.39436123694902586,OK,,,,,,,,,,,
F1-specific performance stratification,target_pit_next_lap,overall,all test laps,180.0,,,,"INSUFFICIENT SAMPLE (n=180, pit laps=1) — descriptive only, do not compare",1.0,0.9944444444444445,,0.0,,0.0,1.0,0.0,0.04559619452468016,,
F1-specific performance stratification,target_pit_next_lap,Driver,ALB,11.0,,,,"INSUFFICIENT SAMPLE (n=11, pit laps=0) — descriptive only, do not compare",0.0,1.0,,,,0.0,,0.0,0.05923090519552881,,
F1-specific performance stratification,target_pit_next_lap,Driver,ALO,11.0,,,,"INSUFFICIENT SAMPLE (n=11, pit laps=0) — descriptive only, do not compare",0.0,1.0,,,,0.0,,0.0,0.022055071185935627,,
F1-specific performance stratification,target_pit_next_lap,Driver,BOT,11.0,,,,"INSUFFICIENT SAMPLE (n=11, pit laps=0) — descriptive only, do not compare",0.0,1.0,,,,0.0,,0.0,0.036185022104870186,,
F1-specific performance stratification,target_pit_next_lap,Driver,DEV,10.0,,,,"INSUFFICIENT SAMPLE (n=10, pit laps=0) — descriptive only, do not compare",0.0,1.0,,,,0.0,,0.0,0.050946439057588576,,
F1-specific performance stratification,target_pit_next_lap,Driver,GAS,11.0,,,,"INSUFFICIENT SAMPLE (n=11, pit laps=0) — descriptive only, do not compare",0.0,1.0,,,,0.0,,0.0,0.04141099149869247,,
F1-specific performance stratification,target_pit_next_lap,Driver,HAM,11.0,,,,"INSUFFICIENT SAMPLE (n=11, pit laps=0) — descriptive only, do not compare",0.0,1.0,,,,0.0,,0.0,0.04438218440521847,,
F1-specific performance stratification,target_pit_next_lap,Driver,HUL,10.0,,,,"INSUFFICIENT SAMPLE (n=10, pit laps=0) — descriptive only, do not compare",0.0,1.0,,,,0.0,,0.0,0.07228169031441212,,
F1-specific performance stratification,target_pit_next_lap,Driver,MAG,10.0,,,,"INSUFFICIENT SAMPLE (n=10, pit laps=0) — descriptive only, do not compare",0.0,1.0,,,,0.0,,0.0,0.06238631680607796,,
F1-specific performance stratification,target_pit_next_lap,Driver,NOR,9.0,,,,"INSUFFICIENT SAMPLE (n=9, pit laps=0) — descriptive only, do not compare",0.0,1.0,,,,0.0,,0.0,0.02252346936923762,,
F1-specific performance stratification,target_pit_next_lap,Driver,PER,11.0,,,,"INSUFFICIENT SAMPLE (n=11, pit laps=0) — descriptive only, do not compare",0.0,1.0,,,,0.0,,0.0,0.02873977849429304,,
F1-specific performance stratification,target_pit_next_lap,Driver,RUS,11.0,,,,"INSUFFICIENT SAMPLE (n=11, pit laps=0) — descriptive only, do not compare",0.0,1.0,,,,0.0,,0.0,0.03433403440497138,,
F1-specific performance stratification,target_pit_next_lap,Driver,SAI,11.0,,,,"INSUFFICIENT SAMPLE (n=11, pit laps=0) — descriptive only, do not compare",0.0,1.0,,,,0.0,,0.0,0.038783598013899544,,
F1-specific performance stratification,target_pit_next_lap,Driver,SAR,10.0,,,,"INSUFFICIENT SAMPLE (n=10, pit laps=0) — descriptive only, do not compare",0.0,1.0,,,,0.0,,0.0,0.049339548125863074,,
F1-specific performance stratification,target_pit_next_lap,Driver,STR,11.0,,,,"INSUFFICIENT SAMPLE (n=11, pit laps=0) — descriptive only, do not compare",0.0,1.0,,,,0.0,,0.0,0.035194492136890236,,
F1-specific performance stratification,target_pit_next_lap,Driver,TSU,11.0,,,,"INSUFFICIENT SAMPLE (n=11, pit laps=0) — descriptive only, do not compare",0.0,1.0,,,,0.0,,0.0,0.07504792003469034,,
F1-specific performance stratification,target_pit_next_lap,Driver,VER,11.0,,,,"INSUFFICIENT SAMPLE (n=11, pit laps=0) — descriptive only, do not compare",0.0,1.0,,,,0.0,,0.0,0.02453313454646956,,
F1-specific performance stratification,target_pit_next_lap,Driver,ZHO,10.0,,,,"INSUFFICIENT SAMPLE (n=10, pit laps=1) — descriptive only, do not compare",1.0,0.9,,0.0,,0.0,1.0,0.0,0.08161953948438168,,
F1-specific performance stratification,target_pit_next_lap,Team,ALFA ROMEO,21.0,,,,"INSUFFICIENT SAMPLE (n=21, pit laps=1) — descriptive only, do not compare",1.0,0.9523809523809523,,0.0,,0.0,1.0,0.0,0.057820506571304234,,
F1-specific performance stratification,target_pit_next_lap,Team,ALPHATAURI,21.0,,,,"INSUFFICIENT SAMPLE (n=21, pit laps=0) — descriptive only, do not compare",0.0,1.0,,,,0.0,,0.0,0.06357102433130854,,
F1-specific performance stratification,target_pit_next_lap,Team,ALPINE,11.0,,,,"INSUFFICIENT SAMPLE (n=11, pit laps=0) — descriptive only, do not compare",0.0,1.0,,,,0.0,,0.0,0.04141099149869247,,
F1-specific performance stratification,target_pit_next_lap,Team,ASTON MARTIN,22.0,,,,"INSUFFICIENT SAMPLE (n=22, pit laps=0) — descriptive only, do not compare",0.0,1.0,,,,0.0,,0.0,0.028624781661412933,,
F1-specific performance stratification,target_pit_next_lap,Team,FERRARI,11.0,,,,"INSUFFICIENT SAMPLE (n=11, pit laps=0) — descriptive only, do not compare",0.0,1.0,,,,0.0,,0.0,0.038783598013899544,,
F1-specific performance stratification,target_pit_next_lap,Team,HAAS F1 TEAM,20.0,,,,"INSUFFICIENT SAMPLE (n=20, pit laps=0) — descriptive only, do not compare",0.0,1.0,,,,0.0,,0.0,0.06733400356024503,,
F1-specific performance stratification,target_pit_next_lap,Team,MCLAREN,9.0,,,,"INSUFFICIENT SAMPLE (n=9, pit laps=0) — descriptive only, do not compare",0.0,1.0,,,,0.0,,0.0,0.02252346936923762,,
F1-specific performance stratification,target_pit_next_lap,Team,MERCEDES,22.0,,,,"INSUFFICIENT SAMPLE (n=22, pit laps=0) — descriptive only, do not compare",0.0,1.0,,,,0.0,,0.0,0.039358109405094925,,
F1-specific performance stratification,target_pit_next_lap,Team,RED BULL RACING,22.0,,,,"INSUFFICIENT SAMPLE (n=22, pit laps=0) — descriptive only, do not compare",0.0,1.0,,,,0.0,,0.0,0.0266364565203813,,
F1-specific performance stratification,target_pit_next_lap,Team,WILLIAMS,21.0,,,,"INSUFFICIENT SAMPLE (n=21, pit laps=0) — descriptive only, do not compare",0.0,1.0,,,,0.0,,0.0,0.05452073516235465,,
F1-specific performance stratification,target_pit_next_lap,Compound,HARD,99.0,,,,"INSUFFICIENT SAMPLE (n=99, pit laps=0) — descriptive only, do not compare",0.0,1.0,,,,0.0,,0.0,0.03466019334478511,,
F1-specific performance stratification,target_pit_next_lap,Compound,SOFT,81.0,,,,"INSUFFICIENT SAMPLE (n=81, pit laps=1) — descriptive only, do not compare",1.0,0.9876543209876543,,0.0,,0.0,1.0,0.0,0.058962418188996335,,
identity-feature attribution share,target_laptime,model inputs,driver/team one-hot features,,,,,"28 of 45 selected features encode driver or team identity. They carry **3.8%** of the model's total attribution, against **62.2%** if attribution were spread evenly - a concentration of **0.06x**, at or below what an even spread would give. Race-state features dominate this model's reasoning, which is the desired outcome.",,,,,,,,,,0.0376,0.6222
identity-feature attribution share,target_pit_next_lap,model inputs,driver/team one-hot features,,,,,"No driver or team identity features survived Task 5's selection funnel for this target, so this model cannot be leaning on identity - the risk does not arise here.",,,,,,,,,,0.0,0.0
