target,rank,feature,permutation_importance,std
target_laptime,1,tyre_life,0.15998381972312928,0.017894190528328722
target_laptime,2,tracktemp_dev_x_tyrelife,0.1404369056224823,0.01894907578950312
target_laptime,3,form_vs_baseline,0.11130029559135438,0.02002863337686618
target_laptime,4,gap_roll3_mean,0.1102503001689911,0.02268627218698694
target_laptime,5,tyrelife_x_soft,0.08643743991851807,0.011997845119470229
target_laptime,6,gap_expanding,0.0817119300365448,0.01153839671276844
target_laptime,7,field_median_lag1,0.029520463943481446,0.0038659007534679944
target_laptime,8,team_red_bull_racing,0.02737688422203064,0.011859456807139358
target_laptime,9,gap_roll3_std,0.017006683349609374,0.008585960704963692
target_laptime,10,team_ferrari,0.01347649097442627,0.004532626546551981
target_laptime,11,is_fresh_tyre,0.011663013696670532,0.002014747933193167
target_laptime,12,driver_ham,0.011475342512130737,0.0020982988638924135
target_laptime,13,team_mercedes,0.004902589321136475,0.002698415203371781
target_laptime,14,driver_rus,0.004565680027008056,0.0011487841842413697
target_laptime,15,driver_zho,0.0034860849380493166,0.0017193895718839764
target_laptime,16,driver_alo,0.003371614217758179,0.003722022421518886
target_laptime,17,team_aston_martin,0.0032434821128845214,0.0028668125269444523
target_laptime,18,driver_ver,0.0030233263969421387,0.0023592587312945682
target_laptime,19,driver_sai,0.002866882085800171,0.0014281713921041926
target_laptime,20,team_mclaren,0.002262133359909058,0.0008932399941534947
target_laptime,21,driver_bot,0.0021821737289428713,0.001584201154026054
target_laptime,22,driver_str,0.0021040380001068116,0.0012773569149319589
target_laptime,23,driver_per,0.0010155677795410157,0.0012066060703015645
target_laptime,24,driver_hul,0.0007460594177246093,0.000997677953025408
target_laptime,25,team_alpine,0.0006291508674621582,0.0014825451565278788
target_laptime,26,driver_sar,0.0005260646343231201,0.0007719145975425653
target_laptime,27,track_status,0.0,0.0
target_laptime,28,driver_oco,0.0,0.0
target_laptime,29,humidity,0.0,0.0
target_laptime,30,driver_pia,0.0,0.0
target_laptime,31,driver_lec,0.0,0.0
target_laptime,32,tyrelife_x_medium,0.0,0.0
target_laptime,33,compound_medium,0.0,0.0
target_laptime,34,driver_tsu,-7.071495056152344e-05,0.0021588361306822644
target_laptime,35,driver_mag,-0.00030900835990905763,0.0018226065839926408
target_laptime,36,team_williams,-0.0003898382186889648,0.0013269870896593188
target_laptime,37,driver_nor,-0.0005316793918609619,0.0011288304200802897
target_laptime,38,team_alphatauri,-0.0010159313678741455,0.0017159502217730285
target_laptime,39,team_haas_f1_team,-0.0020916104316711427,0.001982213625267507
target_laptime,40,driver_dev,-0.0026849031448364256,0.000693724714720328
target_laptime,41,driver_gas,-0.00371243953704834,0.0021525183168858574
target_laptime,42,stint_number,-0.003921723365783692,0.01478156956908851
target_laptime,43,field_pace_trend,-0.00398942232131958,0.002882571557438045
target_laptime,44,wind_speed,-0.011425799131393433,0.009072586510774227
target_laptime,45,compound_soft,-0.011485600471496582,0.0029607290986217753
target_pit_next_lap,1,tyre_life,0.24469273743016764,0.08843065446886872
target_pit_next_lap,2,tyrelife_x_soft,0.18994413407821228,0.14347865356417439
target_pit_next_lap,3,tracktemp_dev_x_tyrelife,0.16201117318435754,0.06175648538742111
target_pit_next_lap,4,compound_soft,0.044692737430167606,0.019190574343371684
target_pit_next_lap,5,form_vs_baseline,0.04189944134078214,0.027282939546535805
target_pit_next_lap,6,field_median_lag1,0.018435754189944142,0.016769084938328103
target_pit_next_lap,7,field_pace_trend,-0.0022346368715083663,0.015441648001212558
target_pit_next_lap,8,gap_roll3_mean,-0.010614525139664798,0.030644889724921746
