target,row_index,driver,team,compound,lap,actual,dnn_prediction,classical_prediction,dnn_abs_error_s,shap_top3,lime_top3,component_model_agreement,component_explanation_stability,component_input_validity,trust_score,trust_band,dnn_decision,decision_correct,component_confidence
target_laptime,0,ALB,WILLIAMS,SOFT,47,97.54499816894531,97.53671264648438,97.65484009763067,0.0082855224609375,"field_median_lag1, stint_number, form_vs_baseline","track_status, field_median_lag1, stint_number",0.9423,0.5,1.0,0.824,HIGH,,,
target_laptime,1,ALB,WILLIAMS,SOFT,48,97.68399810791016,97.55309295654297,97.61708462158485,0.1309051513671875,"field_median_lag1, stint_number, tracktemp_dev_x_tyrelife","track_status, stint_number, field_median_lag1",0.9687,0.5,1.0,0.8341,HIGH,,,
target_laptime,2,ALB,WILLIAMS,SOFT,49,97.60900115966797,97.60072326660156,97.52003764570344,0.00827789306640625,"field_median_lag1, stint_number, tracktemp_dev_x_tyrelife","track_status, field_median_lag1, stint_number",0.9606,0.5,1.0,0.831,HIGH,,,
target_laptime,3,ALB,WILLIAMS,SOFT,50,97.69499969482422,97.63158416748047,98.08261541027422,0.06341552734375,"field_median_lag1, stint_number, tracktemp_dev_x_tyrelife","track_status, field_median_lag1, team_red_bull_racing",0.7796,0.2,1.0,0.6691,MODERATE,,,
target_laptime,4,ALB,WILLIAMS,SOFT,51,97.72699737548828,97.66704559326172,98.24024167036913,0.0599517822265625,"field_median_lag1, stint_number, tracktemp_dev_x_tyrelife","track_status, field_median_lag1, stint_number",0.7199,0.5,1.0,0.7384,MODERATE,,,
target_laptime,5,ALB,WILLIAMS,SOFT,52,97.86100006103516,97.69843292236328,98.42016660473824,0.162567138671875,"field_median_lag1, stint_number, tracktemp_dev_x_tyrelife","track_status, field_median_lag1, stint_number",0.6473,0.5,1.0,0.7105,MODERATE,,,
target_laptime,6,ALB,WILLIAMS,SOFT,53,97.77799987792969,97.61602783203125,98.1056416594833,0.1619720458984375,"field_median_lag1, stint_number, tracktemp_dev_x_tyrelife","track_status, field_median_lag1, gap_expanding",0.7608,0.2,0.9778,0.655,MODERATE,,,
target_laptime,7,ALB,WILLIAMS,SOFT,54,97.77999877929688,97.6185531616211,98.39238343321936,0.16144561767578125,"field_median_lag1, stint_number, tracktemp_dev_x_tyrelife","track_status, field_median_lag1, stint_number",0.6219,0.5,0.9778,0.6939,MODERATE,,,
target_laptime,8,ALB,WILLIAMS,SOFT,55,97.8030014038086,97.48849487304688,98.15233244721931,0.31450653076171875,"field_median_lag1, tracktemp_dev_x_tyrelife, stint_number","track_status, field_median_lag1, stint_number",0.6756,0.5,0.9778,0.7146,MODERATE,,,
target_laptime,9,ALB,WILLIAMS,SOFT,56,98.15899658203125,97.3173828125,98.18916142536202,0.84161376953125,"tracktemp_dev_x_tyrelife, field_median_lag1, stint_number","track_status, field_median_lag1, team_red_bull_racing",0.574,0.2,0.9778,0.5832,MODERATE,,,
target_laptime,10,ALB,WILLIAMS,SOFT,57,98.13700103759766,97.46733093261719,98.29337334787587,0.6696701049804688,"tracktemp_dev_x_tyrelife, stint_number, field_median_lag1","track_status, gap_expanding, field_median_lag1",0.5964,0.2,0.9778,0.5918,MODERATE,,,
target_laptime,11,ALO,ASTON MARTIN,HARD,47,97.32599639892578,97.27241516113281,97.04528262320034,0.05358123779296875,"field_median_lag1, tracktemp_dev_x_tyrelife, stint_number","track_status, field_median_lag1, tracktemp_dev_x_tyrelife",0.889,0.5,1.0,0.8035,HIGH,,,
target_laptime,12,ALO,ASTON MARTIN,HARD,48,96.78299713134766,97.52242279052734,97.11463424610287,0.7394256591796875,"field_median_lag1, tracktemp_dev_x_tyrelife, stint_number","track_status, field_median_lag1, driver_ham",0.8007,0.2,0.9778,0.6704,MODERATE,,,
target_laptime,13,ALO,ASTON MARTIN,HARD,49,96.72599792480469,96.98838806152344,97.36434048385878,0.26239013671875,"field_median_lag1, tracktemp_dev_x_tyrelife, form_vs_baseline","track_status, field_median_lag1, humidity",0.8163,0.2,0.9778,0.6764,MODERATE,,,
target_laptime,14,ALO,ASTON MARTIN,HARD,50,96.33100128173828,96.9456787109375,97.54861759956083,0.6146774291992188,"field_median_lag1, tracktemp_dev_x_tyrelife, form_vs_baseline","track_status, form_vs_baseline, field_median_lag1",0.7054,0.5,0.9778,0.726,MODERATE,,,
target_laptime,15,ALO,ASTON MARTIN,HARD,51,96.95999908447266,96.54440307617188,97.94274025797375,0.41559600830078125,"field_median_lag1, tracktemp_dev_x_tyrelife, form_vs_baseline","track_status, field_median_lag1, form_vs_baseline",0.3167,0.5,0.9778,0.5765,MODERATE,,,
target_laptime,16,ALO,ASTON MARTIN,HARD,52,97.01000213623047,96.73069763183594,97.84300289726134,0.27930450439453125,"field_median_lag1, tracktemp_dev_x_tyrelife, stint_number","track_status, field_median_lag1, driver_alo",0.4565,0.2,0.9778,0.538,MODERATE,,,
target_laptime,17,ALO,ASTON MARTIN,HARD,53,97.01000213623047,97.01371002197266,98.05461937808444,0.0037078857421875,"tracktemp_dev_x_tyrelife, field_median_lag1, tyre_life","track_status, field_median_lag1, gap_roll3_mean",0.4914,0.2,0.9778,0.5514,MODERATE,,,
target_laptime,18,ALO,ASTON MARTIN,HARD,54,97.5989990234375,96.82083129882812,98.01331054736275,0.778167724609375,"tracktemp_dev_x_tyrelife, field_median_lag1, stint_number","track_status, field_median_lag1, gap_expanding",0.4173,0.2,0.9556,0.5161,MODERATE,,,
target_laptime,19,ALO,ASTON MARTIN,HARD,55,97.66200256347656,97.60762023925781,98.19538407253103,0.05438232421875,"tracktemp_dev_x_tyrelife, field_median_lag1, tyre_life","track_status, field_median_lag1, gap_expanding",0.7128,0.2,0.9556,0.6297,MODERATE,,,
target_laptime,20,ALO,ASTON MARTIN,HARD,56,97.4729995727539,97.5332260131836,98.25775931926164,0.0602264404296875,"tracktemp_dev_x_tyrelife, field_median_lag1, tyre_life","track_status, field_median_lag1, tracktemp_dev_x_tyrelife",0.646,0.5,0.9556,0.6963,MODERATE,,,
target_laptime,21,ALO,ASTON MARTIN,HARD,57,97.4219970703125,97.22261810302734,98.34688248324075,0.19937896728515625,"tracktemp_dev_x_tyrelife, tyre_life, field_median_lag1","track_status, gap_expanding, field_median_lag1",0.4506,0.2,0.9556,0.5289,MODERATE,,,
target_laptime,22,BOT,ALFA ROMEO,HARD,47,97.81500244140625,98.29984283447266,97.8574099750611,0.48484039306640625,"field_median_lag1, tracktemp_dev_x_tyrelife, tyre_life","track_status, field_median_lag1, humidity",0.7838,0.2,0.9778,0.6639,MODERATE,,,
target_laptime,23,BOT,ALFA ROMEO,HARD,48,97.5,98.17847442626953,98.06262310446415,0.6784744262695312,"field_median_lag1, tracktemp_dev_x_tyrelife, tyre_life","track_status, field_median_lag1, driver_alo",0.9434,0.2,0.9778,0.7252,MODERATE,,,
target_laptime,24,BOT,ALFA ROMEO,HARD,49,97.8499984741211,97.87342834472656,97.99365228784905,0.02342987060546875,"field_median_lag1, tracktemp_dev_x_tyrelife, tyre_life","track_status, field_median_lag1, team_red_bull_racing",0.9413,0.2,0.9556,0.7176,MODERATE,,,
target_laptime,25,BOT,ALFA ROMEO,HARD,50,97.70999908447266,98.381591796875,98.18902441695266,0.6715927124023438,"field_median_lag1, tyre_life, tracktemp_dev_x_tyrelife","track_status, field_median_lag1, team_red_bull_racing",0.9059,0.2,0.9556,0.704,MODERATE,,,
target_laptime,26,BOT,ALFA ROMEO,HARD,51,97.81600189208984,98.20623779296875,98.2634848900729,0.39023590087890625,"tracktemp_dev_x_tyrelife, tyre_life, field_median_lag1","track_status, field_median_lag1, form_vs_baseline",0.972,0.2,0.9556,0.7294,MODERATE,,,
target_laptime,27,BOT,ALFA ROMEO,HARD,52,97.9469985961914,98.32595825195312,98.34937836970312,0.37895965576171875,"tyre_life, tracktemp_dev_x_tyrelife, field_median_lag1","track_status, field_median_lag1, stint_number",0.9886,0.2,0.9556,0.7358,MODERATE,,,
target_laptime,28,BOT,ALFA ROMEO,HARD,53,97.85600280761719,98.43206024169922,98.4395657422412,0.5760574340820312,"tracktemp_dev_x_tyrelife, tyre_life, field_median_lag1","track_status, field_median_lag1, driver_alo",0.9963,0.2,0.9556,0.7388,MODERATE,,,
target_laptime,29,BOT,ALFA ROMEO,HARD,54,97.73799896240234,98.29817962646484,98.5077191215646,0.5601806640625,"tracktemp_dev_x_tyrelife, tyre_life, field_median_lag1","track_status, field_median_lag1, form_vs_baseline",0.8976,0.2,0.9556,0.7008,MODERATE,,,
target_laptime,30,BOT,ALFA ROMEO,HARD,55,97.80699920654297,98.12947082519531,98.63661188152733,0.32247161865234375,"tracktemp_dev_x_tyrelife, tyre_life, field_median_lag1","track_status, field_median_lag1, driver_ver",0.7522,0.2,0.9556,0.6449,MODERATE,,,
target_laptime,31,BOT,ALFA ROMEO,HARD,56,98.16000366210938,98.03399658203125,98.84405980358454,0.126007080078125,"tracktemp_dev_x_tyrelife, tyre_life, field_median_lag1","track_status, field_median_lag1, form_vs_baseline",0.6042,0.2,0.9556,0.5879,MODERATE,,,
target_laptime,32,BOT,ALFA ROMEO,HARD,57,98.40699768066406,98.03688049316406,98.90252475929694,0.3701171875,"tracktemp_dev_x_tyrelife, tyre_life, field_median_lag1","track_status, field_median_lag1, form_vs_baseline",0.577,0.2,0.9556,0.5775,MODERATE,,,
target_laptime,33,DEV,ALPHATAURI,HARD,47,98.9209976196289,99.6744155883789,98.9608372230654,0.75341796875,"field_median_lag1, gap_roll3_mean, tyre_life","track_status, form_vs_baseline, field_median_lag1",0.6513,0.2,0.9556,0.6061,MODERATE,,,
target_laptime,34,DEV,ALPHATAURI,HARD,48,100.44100189208984,99.48674011230469,99.14436275782732,0.9542617797851562,"field_median_lag1, tyre_life, tracktemp_dev_x_tyrelife","track_status, form_vs_baseline, field_median_lag1",0.8327,0.2,0.9556,0.6758,MODERATE,,,
target_laptime,35,DEV,ALPHATAURI,HARD,49,98.98500061035156,99.98858642578125,99.45774732271185,1.0035858154296875,"form_vs_baseline, field_median_lag1, tracktemp_dev_x_tyrelife","track_status, form_vs_baseline, field_median_lag1",0.7406,0.5,0.9556,0.7327,MODERATE,,,
target_laptime,36,DEV,ALPHATAURI,HARD,50,99.08899688720703,99.95716857910156,99.1207566622519,0.8681716918945312,"tyre_life, field_median_lag1, tracktemp_dev_x_tyrelife","track_status, form_vs_baseline, field_median_lag1",0.5913,0.2,0.9556,0.583,MODERATE,,,
target_laptime,37,DEV,ALPHATAURI,HARD,51,100.4749984741211,99.65425109863281,99.14621597075943,0.8207473754882812,"tracktemp_dev_x_tyrelife, tyre_life, field_median_lag1","track_status, form_vs_baseline, field_median_lag1",0.7518,0.2,0.9556,0.6447,MODERATE,,,
target_laptime,38,DEV,ALPHATAURI,HARD,52,100.33000183105469,100.4671630859375,99.17147540035353,0.1371612548828125,"tyre_life, form_vs_baseline, tracktemp_dev_x_tyrelife","track_status, form_vs_baseline, field_median_lag1",0.3669,0.2,0.9556,0.4967,LOW,,,
target_laptime,39,DEV,ALPHATAURI,HARD,53,99.1500015258789,99.99871826171875,99.20559977263066,0.8487167358398438,"tracktemp_dev_x_tyrelife, tyre_life, form_vs_baseline","track_status, form_vs_baseline, field_median_lag1",0.6124,0.2,0.9556,0.5911,MODERATE,,,
target_laptime,40,DEV,ALPHATAURI,HARD,54,98.88500213623047,99.95459747314453,99.00032440003076,1.0695953369140625,"tyre_life, tracktemp_dev_x_tyrelife, field_median_lag1","track_status, form_vs_baseline, field_median_lag1",0.5337,0.2,0.9556,0.5608,MODERATE,,,
target_laptime,41,DEV,ALPHATAURI,HARD,55,99.23899841308594,99.04347229003906,99.21990809570605,0.195526123046875,"tracktemp_dev_x_tyrelife, tyre_life, field_median_lag1","track_status, field_median_lag1, gap_expanding",0.9138,0.2,0.9556,0.707,MODERATE,,,
target_laptime,42,DEV,ALPHATAURI,HARD,56,99.16100311279297,98.902587890625,99.19787877410207,0.25841522216796875,"tracktemp_dev_x_tyrelife, tyre_life, field_median_lag1","track_status, form_vs_baseline, field_median_lag1",0.8557,0.2,0.9556,0.6847,MODERATE,,,
target_laptime,43,GAS,ALPINE,SOFT,47,96.12000274658203,96.06127166748047,96.45289058046588,0.0587310791015625,"form_vs_baseline, field_median_lag1, stint_number","track_status, form_vs_baseline, field_median_lag1",0.8086,0.5,1.0,0.7726,HIGH,,,
target_laptime,44,GAS,ALPINE,SOFT,48,96.36799621582031,96.12849426269531,96.71424638568004,0.239501953125,"field_median_lag1, form_vs_baseline, stint_number","track_status, form_vs_baseline, field_median_lag1",0.7138,0.5,1.0,0.7361,MODERATE,,,
target_laptime,45,GAS,ALPINE,SOFT,49,96.8030014038086,96.29025268554688,97.05371712632272,0.5127487182617188,"field_median_lag1, form_vs_baseline, stint_number","track_status, form_vs_baseline, field_median_lag1",0.6269,0.5,1.0,0.7027,MODERATE,,,
target_laptime,46,GAS,ALPINE,SOFT,50,96.5510025024414,96.49247741699219,97.22213138513898,0.05852508544921875,"field_median_lag1, stint_number, form_vs_baseline","track_status, field_median_lag1, form_vs_baseline",0.6435,0.5,1.0,0.709,MODERATE,,,
target_laptime,47,GAS,ALPINE,SOFT,51,96.63500213623047,96.45822143554688,97.62988022252924,0.17678070068359375,"field_median_lag1, stint_number, form_vs_baseline","track_status, field_median_lag1, form_vs_baseline",0.4275,0.5,1.0,0.626,MODERATE,,,
target_laptime,48,GAS,ALPINE,SOFT,52,96.89099884033203,96.5385971069336,97.94195268159602,0.3524017333984375,"field_median_lag1, stint_number, form_vs_baseline","track_status, field_median_lag1, form_vs_baseline",0.3143,0.5,1.0,0.5824,MODERATE,,,
target_laptime,49,GAS,ALPINE,SOFT,53,96.97899627685547,96.61491394042969,98.12600875020169,0.36408233642578125,"field_median_lag1, stint_number, tracktemp_dev_x_tyrelife","track_status, form_vs_baseline, field_median_lag1",0.2616,0.2,0.9778,0.463,LOW,,,
target_laptime,50,GAS,ALPINE,SOFT,54,97.22200012207031,96.69039916992188,98.33637921338902,0.5316009521484375,"field_median_lag1, tracktemp_dev_x_tyrelife, stint_number","track_status, field_median_lag1, form_vs_baseline",0.1957,0.2,0.9778,0.4377,LOW,,,
target_laptime,51,GAS,ALPINE,SOFT,55,97.55899810791016,96.72289276123047,98.28069291716876,0.8361053466796875,"tracktemp_dev_x_tyrelife, field_median_lag1, stint_number","track_status, field_median_lag1, form_vs_baseline",0.2388,0.2,0.9778,0.4542,LOW,,,
target_laptime,52,GAS,ALPINE,SOFT,56,97.84500122070312,96.90348815917969,98.44180445869169,0.9415130615234375,"tracktemp_dev_x_tyrelife, field_median_lag1, stint_number","track_status, driver_pia, field_median_lag1",0.2483,0.2,0.9778,0.4579,LOW,,,
target_laptime,53,GAS,ALPINE,SOFT,57,98.14700317382812,96.98751068115234,98.41419449285435,1.1594924926757812,"tracktemp_dev_x_tyrelife, stint_number, field_median_lag1","track_status, stint_number, team_red_bull_racing",0.3029,0.2,0.9778,0.4789,LOW,,,
target_laptime,54,HAM,MERCEDES,HARD,47,98.51699829101562,97.76270294189453,97.90559777883972,0.7542953491210938,"field_median_lag1, tracktemp_dev_x_tyrelife, stint_number","track_status, form_vs_baseline, field_median_lag1",0.9302,0.2,0.9778,0.7202,MODERATE,,,
target_laptime,55,HAM,MERCEDES,HARD,48,97.84400177001953,98.6607666015625,98.13714283209652,0.8167648315429688,"field_median_lag1, form_vs_baseline, tracktemp_dev_x_tyrelife","track_status, form_vs_baseline, field_median_lag1",0.7441,0.5,0.9778,0.7409,MODERATE,,,
target_laptime,56,HAM,MERCEDES,HARD,49,97.9540023803711,98.3366470336914,98.13320414337544,0.3826446533203125,"field_median_lag1, tracktemp_dev_x_tyrelife, tyre_life","track_status, form_vs_baseline, field_median_lag1",0.9006,0.2,0.9778,0.7088,MODERATE,,,
target_laptime,57,HAM,MERCEDES,HARD,50,97.7699966430664,98.45787048339844,98.27070363479837,0.6878738403320312,"field_median_lag1, tracktemp_dev_x_tyrelife, tyre_life","track_status, form_vs_baseline, field_median_lag1",0.9085,0.2,0.9556,0.705,MODERATE,,,
target_laptime,58,HAM,MERCEDES,HARD,51,98.01399993896484,98.10417938232422,98.45043019880225,0.090179443359375,"tracktemp_dev_x_tyrelife, field_median_lag1, tyre_life","track_status, field_median_lag1, stint_number",0.8308,0.2,0.9556,0.6751,MODERATE,,,
target_laptime,59,HAM,MERCEDES,HARD,52,97.8030014038086,98.18751525878906,98.58140378402018,0.38451385498046875,"tracktemp_dev_x_tyrelife, field_median_lag1, tyre_life","track_status, form_vs_baseline, field_median_lag1",0.8075,0.2,0.9556,0.6661,MODERATE,,,
target_laptime,60,HAM,MERCEDES,HARD,53,97.98799896240234,98.1183853149414,98.7344023535489,0.1303863525390625,"tracktemp_dev_x_tyrelife, tyre_life, field_median_lag1","track_status, form_vs_baseline, field_median_lag1",0.699,0.2,0.9556,0.6244,MODERATE,,,
target_laptime,61,HAM,MERCEDES,HARD,54,98.07599639892578,98.1395034790039,98.82231773444134,0.063507080078125,"tracktemp_dev_x_tyrelife, tyre_life, field_median_lag1","track_status, form_vs_baseline, field_median_lag1",0.6663,0.2,0.9556,0.6118,MODERATE,,,
target_laptime,62,HAM,MERCEDES,HARD,55,97.95500183105469,98.3271255493164,98.95331943033842,0.37212371826171875,"tracktemp_dev_x_tyrelife, tyre_life, field_median_lag1","track_status, form_vs_baseline, field_median_lag1",0.694,0.2,0.9556,0.6225,MODERATE,,,
target_laptime,63,HAM,MERCEDES,HARD,56,98.11100006103516,98.03977966308594,99.07438263870411,0.07122039794921875,"tracktemp_dev_x_tyrelife, tyre_life, field_median_lag1","track_status, field_median_lag1, humidity",0.4944,0.2,0.9556,0.5457,MODERATE,,,
target_laptime,64,HAM,MERCEDES,HARD,57,98.25499725341797,97.94197845458984,99.15346265355426,0.313018798828125,"tracktemp_dev_x_tyrelife, tyre_life, field_median_lag1","track_status, driver_bot, field_median_lag1",0.408,0.2,0.9556,0.5125,MODERATE,,,
target_laptime,65,HUL,HAAS F1 TEAM,SOFT,47,96.80599975585938,98.576416015625,98.78849583388131,1.770416259765625,"form_vs_baseline, field_median_lag1, stint_number","track_status, form_vs_baseline, field_median_lag1",0.8964,0.5,1.0,0.8063,HIGH,,,
target_laptime,66,HUL,HAAS F1 TEAM,SOFT,48,97.08599853515625,97.52828979492188,97.97035219483965,0.442291259765625,"field_median_lag1, stint_number, form_vs_baseline","track_status, field_median_lag1, form_vs_baseline",0.784,0.5,1.0,0.7631,HIGH,,,
target_laptime,67,HUL,HAAS F1 TEAM,SOFT,49,97.0770034790039,97.54615020751953,98.14164589042328,0.469146728515625,"stint_number, field_median_lag1, form_vs_baseline","track_status, form_vs_baseline, field_median_lag1",0.709,0.5,1.0,0.7342,MODERATE,,,
target_laptime,68,HUL,HAAS F1 TEAM,SOFT,50,97.24199676513672,97.02127838134766,98.97576662620226,0.2207183837890625,"field_median_lag1, stint_number, tracktemp_dev_x_tyrelife","track_status, field_median_lag1, form_vs_baseline",0.0449,0.2,1.0,0.3865,LOW,,,
target_laptime,69,HUL,HAAS F1 TEAM,SOFT,51,97.30599975585938,96.99481201171875,98.97777488189332,0.311187744140625,"field_median_lag1, stint_number, tracktemp_dev_x_tyrelife","track_status, form_vs_baseline, field_median_lag1",0.031,0.2,0.9778,0.3743,LOW,,,
target_laptime,70,HUL,HAAS F1 TEAM,SOFT,52,97.91699981689453,97.18095397949219,99.25769285147953,0.7360458374023438,"stint_number, field_median_lag1, tracktemp_dev_x_tyrelife","track_status, field_median_lag1, form_vs_baseline",0.0,0.2,0.9778,0.3624,LOW,,,
target_laptime,71,HUL,HAAS F1 TEAM,SOFT,53,98.06700134277344,97.42430877685547,98.77528905662446,0.6426925659179688,"field_median_lag1, tracktemp_dev_x_tyrelife, stint_number","track_status, field_median_lag1, stint_number",0.3399,0.5,0.9778,0.5854,MODERATE,,,
target_laptime,72,HUL,HAAS F1 TEAM,SOFT,54,98.45800018310547,97.77889251708984,99.04789723821642,0.679107666015625,"stint_number, field_median_lag1, tracktemp_dev_x_tyrelife","track_status, field_median_lag1, stint_number",0.3799,0.5,0.9778,0.6008,MODERATE,,,
target_laptime,73,HUL,HAAS F1 TEAM,SOFT,55,98.56400299072266,97.83474731445312,98.76685525886883,0.7292556762695312,"tracktemp_dev_x_tyrelife, stint_number, field_median_lag1","track_status, field_median_lag1, stint_number",0.5445,0.5,0.9778,0.6641,MODERATE,,,
target_laptime,74,HUL,HAAS F1 TEAM,SOFT,56,99.20600128173828,97.7306137084961,98.74584855286761,1.4753875732421875,"tracktemp_dev_x_tyrelife, stint_number, field_median_lag1","track_status, field_median_lag1, stint_number",0.5039,0.5,0.9556,0.6417,MODERATE,,,
target_laptime,75,MAG,HAAS F1 TEAM,SOFT,47,97.62899780273438,97.18230438232422,97.77385251606347,0.44669342041015625,"field_median_lag1, stint_number, form_vs_baseline","track_status, form_vs_baseline, field_median_lag1",0.7109,0.5,1.0,0.735,MODERATE,,,
target_laptime,76,MAG,HAAS F1 TEAM,SOFT,48,97.60700225830078,97.2706298828125,98.06428143040749,0.33637237548828125,"field_median_lag1, stint_number, form_vs_baseline","track_status, form_vs_baseline, field_median_lag1",0.6122,0.5,1.0,0.697,MODERATE,,,
target_laptime,77,MAG,HAAS F1 TEAM,SOFT,49,97.73899841308594,97.35954284667969,98.12999436759706,0.37945556640625,"field_median_lag1, stint_number, tracktemp_dev_x_tyrelife","track_status, form_vs_baseline, field_median_lag1",0.6235,0.2,1.0,0.609,MODERATE,,,
target_laptime,78,MAG,HAAS F1 TEAM,SOFT,50,98.31500244140625,97.38140106201172,98.66115935439372,0.9336013793945312,"field_median_lag1, stint_number, tracktemp_dev_x_tyrelife","track_status, form_vs_baseline, field_median_lag1",0.3747,0.2,1.0,0.5133,MODERATE,,,
target_laptime,79,MAG,HAAS F1 TEAM,SOFT,51,98.15699768066406,97.60986328125,98.88310063608749,0.5471343994140625,"field_median_lag1, stint_number, tracktemp_dev_x_tyrelife","track_status, field_median_lag1, stint_number",0.3778,0.5,1.0,0.6069,MODERATE,,,
target_laptime,80,MAG,HAAS F1 TEAM,SOFT,52,97.96299743652344,97.73306274414062,99.06109199679008,0.2299346923828125,"field_median_lag1, stint_number, tracktemp_dev_x_tyrelife","track_status, field_median_lag1, stint_number",0.3511,0.5,1.0,0.5966,MODERATE,,,
target_laptime,81,MAG,HAAS F1 TEAM,SOFT,53,97.98200225830078,97.5425796508789,99.02604224412825,0.439422607421875,"field_median_lag1, stint_number, tracktemp_dev_x_tyrelife","track_status, field_median_lag1, stint_number",0.2751,0.5,0.9778,0.5605,MODERATE,,,
target_laptime,82,MAG,HAAS F1 TEAM,SOFT,54,99.6510009765625,97.62483215332031,99.3420603386996,2.0261688232421875,"stint_number, field_median_lag1, tracktemp_dev_x_tyrelife","track_status, field_median_lag1, stint_number",0.1609,0.5,0.9778,0.5166,MODERATE,,,
target_laptime,83,MAG,HAAS F1 TEAM,SOFT,55,98.44599914550781,98.41676330566406,98.83223140742298,0.02923583984375,"field_median_lag1, tracktemp_dev_x_tyrelife, stint_number","track_status, form_vs_baseline, field_median_lag1",0.797,0.2,0.9778,0.6689,MODERATE,,,
target_laptime,84,MAG,HAAS F1 TEAM,SOFT,56,98.77899932861328,97.8138198852539,98.68321154884306,0.965179443359375,"tracktemp_dev_x_tyrelife, field_median_lag1, stint_number","track_status, field_median_lag1, stint_number",0.5752,0.5,0.9778,0.6759,MODERATE,,,
target_laptime,85,NOR,MCLAREN,HARD,47,100.43299865722656,97.30640411376953,97.6684340229391,3.1265945434570312,"field_median_lag1, stint_number, tracktemp_dev_x_tyrelife","track_status, field_median_lag1, driver_pia",0.8231,0.2,0.9778,0.679,MODERATE,,,
target_laptime,86,NOR,MCLAREN,SOFT,48,103.98474884033203,100.127197265625,101.15142435222296,3.8575515747070312,"form_vs_baseline, wind_speed, field_median_lag1","track_status, form_vs_baseline, field_median_lag1",0.4995,0.5,0.9778,0.6468,MODERATE,,,
target_laptime,87,NOR,MCLAREN,SOFT,49,99.08000183105469,97.66187286376953,97.58290008948833,1.4181289672851562,"gap_roll3_mean, form_vs_baseline, gap_roll3_std","track_status, form_vs_baseline, field_median_lag1",0.9614,0.2,0.9778,0.7322,MODERATE,,,
target_laptime,88,NOR,MCLAREN,SOFT,50,95.25700378417969,97.88939666748047,97.87477030642881,2.6323928833007812,"stint_number, gap_roll3_std, field_median_lag1","track_status, form_vs_baseline, field_median_lag1",0.9929,0.2,0.9556,0.7374,MODERATE,,,
target_laptime,89,NOR,MCLAREN,SOFT,51,95.8219985961914,96.9880599975586,97.78458825864047,1.1660614013671875,"form_vs_baseline, gap_roll3_std, stint_number","track_status, form_vs_baseline, field_median_lag1",0.6108,0.2,0.9556,0.5905,MODERATE,,,
target_laptime,90,NOR,MCLAREN,SOFT,52,96.1520004272461,96.71995544433594,97.81244021467106,0.5679550170898438,"form_vs_baseline, stint_number, field_median_lag1","track_status, form_vs_baseline, field_median_lag1",0.4662,0.5,0.9778,0.634,MODERATE,,,
target_laptime,91,NOR,MCLAREN,SOFT,53,96.5,96.13773345947266,97.98599745889297,0.36226654052734375,"form_vs_baseline, stint_number, field_median_lag1","track_status, form_vs_baseline, field_median_lag1",0.0969,0.5,0.9778,0.492,LOW,,,
target_laptime,92,NOR,MCLAREN,SOFT,54,99.78900146484375,96.40873718261719,98.06235459449262,3.3802642822265625,"form_vs_baseline, stint_number, field_median_lag1","track_status, form_vs_baseline, field_median_lag1",0.192,0.5,0.9556,0.5217,MODERATE,,,
target_laptime,93,NOR,MCLAREN,SOFT,55,103.98474884033203,99.65184020996094,99.49213520254288,4.332908630371094,"form_vs_baseline, field_median_lag1, stint_number","track_status, form_vs_baseline, field_median_lag1",0.922,0.5,0.9778,0.8093,HIGH,,,
target_laptime,94,PER,RED BULL RACING,HARD,47,96.66100311279297,97.02332305908203,97.33863511846519,0.3623199462890625,"field_median_lag1, tracktemp_dev_x_tyrelife, stint_number","track_status, form_vs_baseline, field_median_lag1",0.8459,0.2,1.0,0.6946,MODERATE,,,
target_laptime,95,PER,RED BULL RACING,HARD,48,96.85900115966797,96.8286361694336,97.38779433068933,0.030364990234375,"field_median_lag1, tracktemp_dev_x_tyrelife, stint_number","track_status, tyrelife_x_medium, field_median_lag1",0.7268,0.2,0.9778,0.6419,MODERATE,,,
target_laptime,96,PER,RED BULL RACING,HARD,49,97.04900360107422,96.83744049072266,97.49722701671779,0.2115631103515625,"field_median_lag1, tracktemp_dev_x_tyrelife, team_red_bull_racing","track_status, field_median_lag1, gap_expanding",0.6776,0.2,0.9778,0.623,MODERATE,,,
target_laptime,97,PER,RED BULL RACING,HARD,50,97.73100280761719,96.8731689453125,97.66463027788363,0.8578338623046875,"field_median_lag1, tracktemp_dev_x_tyrelife, team_red_bull_racing","track_status, field_median_lag1, gap_expanding",0.6133,0.2,0.9778,0.5983,MODERATE,,,
target_laptime,98,PER,RED BULL RACING,HARD,51,97.04900360107422,97.5832748413086,97.73780725238552,0.534271240234375,"field_median_lag1, tracktemp_dev_x_tyrelife, stint_number","track_status, form_vs_baseline, field_median_lag1",0.9245,0.2,0.9778,0.718,MODERATE,,,
target_laptime,99,PER,RED BULL RACING,HARD,52,97.06199645996094,97.1263656616211,97.89970702060329,0.06436920166015625,"field_median_lag1, tracktemp_dev_x_tyrelife, stint_number","track_status, field_median_lag1, gap_expanding",0.6221,0.2,0.9778,0.6017,MODERATE,,,
target_laptime,100,PER,RED BULL RACING,HARD,53,97.34500122070312,97.3656234741211,98.11060764771031,0.02062225341796875,"field_median_lag1, tracktemp_dev_x_tyrelife, tyre_life","track_status, field_median_lag1, gap_expanding",0.636,0.2,0.9778,0.607,MODERATE,,,
target_laptime,101,PER,RED BULL RACING,HARD,54,97.2959976196289,97.11334991455078,98.2039929619931,0.182647705078125,"tracktemp_dev_x_tyrelife, field_median_lag1, tyre_life","track_status, field_median_lag1, gap_expanding",0.4671,0.2,0.9556,0.5352,MODERATE,,,
target_laptime,102,PER,RED BULL RACING,HARD,55,97.09200286865234,97.32418823242188,98.48323818758443,0.23218536376953125,"tracktemp_dev_x_tyrelife, field_median_lag1, tyre_life","track_status, field_median_lag1, gap_expanding",0.4336,0.2,0.9556,0.5223,MODERATE,,,
target_laptime,103,PER,RED BULL RACING,HARD,56,96.56500244140625,97.0221176147461,98.44766863614521,0.45711517333984375,"tracktemp_dev_x_tyrelife, field_median_lag1, tyre_life","track_status, field_median_lag1, gap_expanding",0.3034,0.2,0.9556,0.4723,LOW,,,
target_laptime,104,PER,RED BULL RACING,HARD,57,96.55799865722656,96.43956756591797,98.70775872979226,0.11843109130859375,"tracktemp_dev_x_tyrelife, field_median_lag1, form_vs_baseline","track_status, form_vs_baseline, gap_expanding",0.0,0.2,0.9556,0.3556,LOW,,,
target_laptime,105,RUS,MERCEDES,HARD,47,97.43199920654297,97.7382583618164,97.62996018754251,0.3062591552734375,"field_median_lag1, tracktemp_dev_x_tyrelife, stint_number","track_status, field_median_lag1, stint_number",0.9471,0.5,0.9778,0.819,HIGH,,,
target_laptime,106,RUS,MERCEDES,HARD,48,97.5199966430664,97.65625762939453,97.83321682833652,0.136260986328125,"field_median_lag1, tracktemp_dev_x_tyrelife, stint_number","track_status, field_median_lag1, humidity",0.9135,0.2,0.9778,0.7138,MODERATE,,,
target_laptime,107,RUS,MERCEDES,HARD,49,97.71800231933594,97.54618835449219,97.73483116466,0.17181396484375,"field_median_lag1, tracktemp_dev_x_tyrelife, stint_number","track_status, field_median_lag1, team_red_bull_racing",0.9078,0.2,0.9556,0.7047,MODERATE,,,
target_laptime,108,RUS,MERCEDES,HARD,50,97.38300323486328,98.01089477539062,98.09891731188222,0.6278915405273438,"field_median_lag1, tracktemp_dev_x_tyrelife, tyre_life","track_status, field_median_lag1, humidity",0.957,0.2,0.9778,0.7305,MODERATE,,,
target_laptime,109,RUS,MERCEDES,HARD,51,97.82499694824219,97.85514068603516,98.2478140298421,0.03014373779296875,"field_median_lag1, tracktemp_dev_x_tyrelife, tyre_life","track_status, field_median_lag1, driver_alo",0.8081,0.2,0.9556,0.6664,MODERATE,,,
target_laptime,110,RUS,MERCEDES,HARD,52,97.58899688720703,98.06521606445312,98.23589364984879,0.47621917724609375,"field_median_lag1, tracktemp_dev_x_tyrelife, tyre_life","track_status, field_median_lag1, tyrelife_x_medium",0.9166,0.2,0.9556,0.7081,MODERATE,,,
target_laptime,111,RUS,MERCEDES,HARD,53,97.84100341796875,98.0272445678711,98.49103681325906,0.18624114990234375,"tracktemp_dev_x_tyrelife, field_median_lag1, tyre_life","track_status, field_median_lag1, driver_gas",0.7734,0.2,0.9556,0.653,MODERATE,,,
target_laptime,112,RUS,MERCEDES,HARD,54,97.9229965209961,98.09012603759766,98.48719309180147,0.1671295166015625,"tracktemp_dev_x_tyrelife, tyre_life, field_median_lag1","track_status, field_median_lag1, tracktemp_dev_x_tyrelife",0.806,0.5,0.9556,0.7579,HIGH,,,
target_laptime,113,RUS,MERCEDES,HARD,55,97.86000061035156,98.31966400146484,98.70555704520166,0.45966339111328125,"tracktemp_dev_x_tyrelife, tyre_life, field_median_lag1","track_status, field_median_lag1, team_red_bull_racing",0.8114,0.2,0.9556,0.6676,MODERATE,,,
target_laptime,114,RUS,MERCEDES,HARD,56,97.63600158691406,98.05364227294922,98.77348707588287,0.41764068603515625,"tracktemp_dev_x_tyrelife, tyre_life, field_median_lag1","track_status, field_median_lag1, tracktemp_dev_x_tyrelife",0.6483,0.5,0.9556,0.6972,MODERATE,,,
target_laptime,115,RUS,MERCEDES,HARD,57,97.76699829101562,97.71969604492188,98.8849897062026,0.04730224609375,"tracktemp_dev_x_tyrelife, tyre_life, field_median_lag1","track_status, driver_lec, form_vs_baseline",0.4306,0.0,0.9556,0.4596,LOW,,,
target_laptime,116,SAI,FERRARI,HARD,47,98.22200012207031,98.38681030273438,97.8781551135367,0.1648101806640625,"field_median_lag1, tracktemp_dev_x_tyrelife, gap_roll3_mean","track_status, form_vs_baseline, field_median_lag1",0.7514,0.2,0.9778,0.6514,MODERATE,,,
target_laptime,117,SAI,FERRARI,HARD,48,97.89700317382812,98.7383804321289,98.12932206964419,0.8413772583007812,"field_median_lag1, form_vs_baseline, tracktemp_dev_x_tyrelife","track_status, form_vs_baseline, field_median_lag1",0.7024,0.5,0.9778,0.7248,MODERATE,,,
target_laptime,118,SAI,FERRARI,HARD,49,97.76499938964844,98.24188232421875,98.01317644385928,0.4768829345703125,"field_median_lag1, tracktemp_dev_x_tyrelife, stint_number","track_status, form_vs_baseline, field_median_lag1",0.8882,0.2,0.9778,0.704,MODERATE,,,
target_laptime,119,SAI,FERRARI,HARD,50,97.60399627685547,98.21456909179688,98.16640219903654,0.6105728149414062,"field_median_lag1, tracktemp_dev_x_tyrelife, tyre_life","track_status, field_median_lag1, team_red_bull_racing",0.9765,0.2,0.9778,0.738,MODERATE,,,
target_laptime,120,SAI,FERRARI,HARD,51,97.6719970703125,97.9514389038086,98.37481409881686,0.27944183349609375,"field_median_lag1, tracktemp_dev_x_tyrelife, tyre_life","track_status, field_median_lag1, driver_hul",0.7931,0.2,0.9556,0.6606,MODERATE,,,
target_laptime,121,SAI,FERRARI,HARD,52,97.48999786376953,97.82232666015625,98.74929181753289,0.33232879638671875,"tracktemp_dev_x_tyrelife, field_median_lag1, tyre_life","track_status, field_median_lag1, driver_alo",0.547,0.2,0.9556,0.566,MODERATE,,,
target_laptime,122,SAI,FERRARI,HARD,53,97.66000366210938,97.77055358886719,98.70216112417154,0.1105499267578125,"tracktemp_dev_x_tyrelife, field_median_lag1, tyre_life","track_status, field_median_lag1, driver_ham",0.5448,0.2,0.9556,0.5651,MODERATE,,,
target_laptime,123,SAI,FERRARI,HARD,54,97.69400024414062,97.74836730957031,98.94763675242814,0.0543670654296875,"tracktemp_dev_x_tyrelife, tyre_life, field_median_lag1","track_status, field_median_lag1, team_red_bull_racing",0.414,0.2,0.9556,0.5148,MODERATE,,,
target_laptime,124,SAI,FERRARI,HARD,55,97.82099914550781,97.92634582519531,98.92411530377035,0.1053466796875,"tracktemp_dev_x_tyrelife, tyre_life, field_median_lag1","track_status, field_median_lag1, team_ferrari",0.5124,0.2,0.9333,0.5458,MODERATE,,,
target_laptime,125,SAI,FERRARI,HARD,56,98.1259994506836,97.79084014892578,99.1703960582623,0.3351593017578125,"tracktemp_dev_x_tyrelife, tyre_life, field_median_lag1","track_status, field_median_lag1, humidity",0.3259,0.2,0.9556,0.4809,LOW,,,
target_laptime,126,SAI,FERRARI,HARD,57,98.02100372314453,97.79832458496094,99.27029026715324,0.22267913818359375,"tracktemp_dev_x_tyrelife, tyre_life, field_median_lag1","track_status, humidity, field_median_lag1",0.2807,0.2,0.9556,0.4635,LOW,,,
target_laptime,127,SAR,WILLIAMS,SOFT,47,97.22699737548828,97.83487701416016,98.81264382398227,0.607879638671875,"field_median_lag1, stint_number, gap_roll3_mean","track_status, field_median_lag1, stint_number",0.5222,0.5,1.0,0.6624,MODERATE,,,
target_laptime,128,SAR,WILLIAMS,SOFT,48,97.06800079345703,97.3555679321289,98.33682742091558,0.287567138671875,"field_median_lag1, stint_number, form_vs_baseline","track_status, form_vs_baseline, field_median_lag1",0.5205,0.5,1.0,0.6617,MODERATE,,,
target_laptime,129,SAR,WILLIAMS,SOFT,49,97.2249984741211,97.2763900756836,97.40217713463767,0.0513916015625,"field_median_lag1, stint_number, form_vs_baseline","track_status, form_vs_baseline, field_median_lag1",0.9385,0.5,1.0,0.8225,HIGH,,,
target_laptime,130,SAR,WILLIAMS,SOFT,50,97.29000091552734,97.0793228149414,98.70046730785374,0.2106781005859375,"field_median_lag1, stint_number, form_vs_baseline","track_status, form_vs_baseline, field_median_lag1",0.2078,0.5,1.0,0.5415,MODERATE,,,
target_laptime,131,SAR,WILLIAMS,SOFT,51,97.47200012207031,97.04061889648438,98.57694603891859,0.4313812255859375,"field_median_lag1, stint_number, tracktemp_dev_x_tyrelife","track_status, form_vs_baseline, field_median_lag1",0.2493,0.2,1.0,0.4651,LOW,,,
target_laptime,132,SAR,WILLIAMS,SOFT,52,97.45600128173828,97.23316192626953,99.05209505100046,0.22283935546875,"field_median_lag1, stint_number, tracktemp_dev_x_tyrelife","track_status, field_median_lag1, form_vs_baseline",0.1112,0.2,1.0,0.412,LOW,,,
target_laptime,133,SAR,WILLIAMS,SOFT,53,97.66200256347656,97.15882110595703,98.5481497371438,0.5031814575195312,"field_median_lag1, tracktemp_dev_x_tyrelife, stint_number","track_status, stint_number, form_vs_baseline",0.3211,0.2,0.9778,0.4859,LOW,,,
target_laptime,134,SAR,WILLIAMS,SOFT,54,97.93599700927734,97.27285766601562,98.8772278976258,0.6631393432617188,"field_median_lag1, tracktemp_dev_x_tyrelife, stint_number","track_status, field_median_lag1, form_vs_baseline",0.216,0.2,0.9778,0.4455,LOW,,,
target_laptime,135,SAR,WILLIAMS,SOFT,55,98.31600189208984,97.46865844726562,98.37677527659191,0.8473434448242188,"field_median_lag1, tracktemp_dev_x_tyrelife, stint_number","track_status, field_median_lag1, stint_number",0.5563,0.5,0.9778,0.6686,MODERATE,,,
target_laptime,136,SAR,WILLIAMS,SOFT,56,99.6259994506836,97.62710571289062,98.18968091384913,1.9988937377929688,"tracktemp_dev_x_tyrelife, field_median_lag1, stint_number","track_status, field_median_lag1, driver_nor",0.7251,0.2,0.9778,0.6413,MODERATE,,,
target_laptime,137,STR,ASTON MARTIN,HARD,47,97.25700378417969,97.5989990234375,97.55460489102528,0.3419952392578125,"field_median_lag1, tracktemp_dev_x_tyrelife, stint_number","track_status, field_median_lag1, team_red_bull_racing",0.9783,0.2,0.9778,0.7387,MODERATE,,,
target_laptime,138,STR,ASTON MARTIN,HARD,48,97.447998046875,97.54072570800781,97.74129477829703,0.0927276611328125,"field_median_lag1, tracktemp_dev_x_tyrelife, stint_number","track_status, field_median_lag1, form_vs_baseline",0.902,0.2,0.9778,0.7093,MODERATE,,,
target_laptime,139,STR,ASTON MARTIN,HARD,49,97.5510025024414,97.47623443603516,97.66828262581085,0.07476806640625,"field_median_lag1, tracktemp_dev_x_tyrelife, tyre_life","track_status, field_median_lag1, team_red_bull_racing",0.9062,0.2,0.9778,0.7109,MODERATE,,,
target_laptime,140,STR,ASTON MARTIN,HARD,50,97.38800048828125,97.8370590209961,97.98662856947129,0.44905853271484375,"field_median_lag1, tracktemp_dev_x_tyrelife, tyre_life","track_status, field_median_lag1, humidity",0.9269,0.2,0.9556,0.7121,MODERATE,,,
target_laptime,141,STR,ASTON MARTIN,HARD,51,97.86599731445312,97.75308227539062,98.1330447611033,0.1129150390625,"field_median_lag1, tracktemp_dev_x_tyrelife, tyre_life","track_status, field_median_lag1, driver_oco",0.8143,0.2,0.9556,0.6688,MODERATE,,,
target_laptime,142,STR,ASTON MARTIN,HARD,52,97.5790023803711,98.047607421875,98.12530069055059,0.46860504150390625,"tracktemp_dev_x_tyrelife, field_median_lag1, tyre_life","track_status, field_median_lag1, humidity",0.962,0.2,0.9556,0.7256,MODERATE,,,
target_laptime,143,STR,ASTON MARTIN,HARD,53,98.37899780273438,97.97120666503906,98.38973460865351,0.4077911376953125,"tracktemp_dev_x_tyrelife, tyre_life, field_median_lag1","track_status, field_median_lag1, humidity",0.7955,0.2,0.9556,0.6615,MODERATE,,,
target_laptime,144,STR,ASTON MARTIN,HARD,54,97.59700012207031,98.44100189208984,98.37456976967081,0.8440017700195312,"tracktemp_dev_x_tyrelife, tyre_life, field_median_lag1","track_status, form_vs_baseline, field_median_lag1",0.9675,0.2,0.9556,0.7277,MODERATE,,,
target_laptime,145,STR,ASTON MARTIN,HARD,55,97.70099639892578,98.2177734375,98.6371313073111,0.5167770385742188,"tyre_life, tracktemp_dev_x_tyrelife, field_median_lag1","track_status, field_median_lag1, team_red_bull_racing",0.7951,0.2,0.9556,0.6614,MODERATE,,,
target_laptime,146,STR,ASTON MARTIN,HARD,56,98.11000061035156,97.94746398925781,98.76492397202345,0.16253662109375,"tracktemp_dev_x_tyrelife, tyre_life, field_median_lag1","track_status, field_median_lag1, driver_alo",0.6006,0.2,0.9556,0.5865,MODERATE,,,
target_laptime,147,STR,ASTON MARTIN,HARD,57,97.99099731445312,97.79195404052734,98.8901730917317,0.19904327392578125,"tracktemp_dev_x_tyrelife, tyre_life, field_median_lag1","track_status, driver_pia, humidity",0.4634,0.0,0.9556,0.4722,LOW,,,
target_laptime,148,TSU,ALPHATAURI,SOFT,47,97.35900115966797,97.0455093383789,97.57899950455143,0.3134918212890625,"field_median_lag1, stint_number, form_vs_baseline","track_status, form_vs_baseline, field_median_lag1",0.7393,0.5,1.0,0.7459,MODERATE,,,
target_laptime,149,TSU,ALPHATAURI,SOFT,48,97.23799896240234,97.17138671875,97.73460905021402,0.06661224365234375,"field_median_lag1, stint_number, tracktemp_dev_x_tyrelife","track_status, field_median_lag1, humidity",0.7248,0.2,1.0,0.648,MODERATE,,,
target_laptime,150,TSU,ALPHATAURI,SOFT,49,97.52799987792969,97.0365982055664,97.60342396209964,0.49140167236328125,"field_median_lag1, stint_number, tracktemp_dev_x_tyrelife","track_status, form_vs_baseline, field_median_lag1",0.723,0.2,1.0,0.6473,MODERATE,,,
target_laptime,151,TSU,ALPHATAURI,SOFT,50,97.6240005493164,97.37565612792969,98.15445458590081,0.24834442138671875,"field_median_lag1, stint_number, tracktemp_dev_x_tyrelife","track_status, field_median_lag1, stint_number",0.6194,0.5,1.0,0.6998,MODERATE,,,
target_laptime,152,TSU,ALPHATAURI,SOFT,51,97.70600128173828,97.44432067871094,98.27662333770469,0.26168060302734375,"field_median_lag1, stint_number, tracktemp_dev_x_tyrelife","track_status, field_median_lag1, driver_mag",0.5933,0.2,0.9778,0.5906,MODERATE,,,
target_laptime,153,TSU,ALPHATAURI,SOFT,52,97.58999633789062,97.58702087402344,98.43847654139776,0.0029754638671875,"stint_number, field_median_lag1, tracktemp_dev_x_tyrelife","track_status, field_median_lag1, stint_number",0.5839,0.5,0.9778,0.6793,MODERATE,,,
target_laptime,154,TSU,ALPHATAURI,SOFT,53,97.67500305175781,97.3651123046875,98.32777990341314,0.3098907470703125,"field_median_lag1, stint_number, tracktemp_dev_x_tyrelife","track_status, field_median_lag1, stint_number",0.5296,0.5,0.9556,0.6516,MODERATE,,,
target_laptime,155,TSU,ALPHATAURI,SOFT,54,97.72000122070312,97.48331451416016,98.52122364993527,0.23668670654296875,"tracktemp_dev_x_tyrelife, stint_number, field_median_lag1","track_status, field_median_lag1, stint_number",0.4928,0.5,0.9778,0.6443,MODERATE,,,
target_laptime,156,TSU,ALPHATAURI,SOFT,55,97.94499969482422,97.37940216064453,98.44813595701329,0.5655975341796875,"tracktemp_dev_x_tyrelife, stint_number, field_median_lag1","track_status, field_median_lag1, stint_number",0.4778,0.5,0.9778,0.6385,MODERATE,,,
target_laptime,157,TSU,ALPHATAURI,SOFT,56,98.10199737548828,97.36714935302734,98.5078505911705,0.7348480224609375,"tracktemp_dev_x_tyrelife, stint_number, field_median_lag1","track_status, field_median_lag1, stint_number",0.4426,0.5,0.9556,0.6181,MODERATE,,,
target_laptime,158,TSU,ALPHATAURI,SOFT,57,98.24600219726562,97.46980285644531,98.65060026798008,0.7761993408203125,"tracktemp_dev_x_tyrelife, stint_number, field_median_lag1","track_status, stint_number, field_median_lag1",0.423,0.5,0.9333,0.6037,MODERATE,,,
target_laptime,159,VER,RED BULL RACING,HARD,47,97.00900268554688,96.64984893798828,96.69265858388651,0.35915374755859375,"field_median_lag1, tracktemp_dev_x_tyrelife, team_red_bull_racing","track_status, field_median_lag1, gap_expanding",0.9791,0.2,1.0,0.7458,MODERATE,,,
target_laptime,160,VER,RED BULL RACING,HARD,48,96.91799926757812,96.88336944580078,96.82920170674024,0.03462982177734375,"field_median_lag1, tracktemp_dev_x_tyrelife, gap_expanding","track_status, form_vs_baseline, field_median_lag1",0.9735,0.2,1.0,0.7437,MODERATE,,,
target_laptime,161,VER,RED BULL RACING,HARD,49,96.96199798583984,96.74044036865234,96.87193586357304,0.2215576171875,"field_median_lag1, tracktemp_dev_x_tyrelife, gap_expanding","track_status, field_median_lag1, gap_expanding",0.9357,0.5,1.0,0.8214,HIGH,,,
target_laptime,162,VER,RED BULL RACING,HARD,50,97.25,96.8428726196289,96.73356100888773,0.40712738037109375,"field_median_lag1, tracktemp_dev_x_tyrelife, gap_expanding","track_status, field_median_lag1, gap_expanding",0.9466,0.5,0.9778,0.8188,HIGH,,,
target_laptime,163,VER,RED BULL RACING,HARD,51,97.427001953125,96.97740936279297,97.10587050908666,0.44959259033203125,"field_median_lag1, tracktemp_dev_x_tyrelife, stint_number","track_status, form_vs_baseline, field_median_lag1",0.9372,0.2,0.9778,0.7229,MODERATE,,,
target_laptime,164,VER,RED BULL RACING,HARD,52,96.91899871826172,97.0522689819336,97.15450149951565,0.133270263671875,"field_median_lag1, tracktemp_dev_x_tyrelife, stint_number","track_status, form_vs_baseline, field_median_lag1",0.95,0.2,0.9778,0.7278,MODERATE,,,
target_laptime,165,VER,RED BULL RACING,HARD,53,96.88999938964844,96.89679718017578,97.4385873245856,0.00679779052734375,"field_median_lag1, tracktemp_dev_x_tyrelife, team_red_bull_racing","track_status, field_median_lag1, gap_expanding",0.7353,0.2,0.9778,0.6452,MODERATE,,,
target_laptime,166,VER,RED BULL RACING,HARD,54,96.6780014038086,96.68795776367188,97.48600218655882,0.00995635986328125,"tracktemp_dev_x_tyrelife, field_median_lag1, gap_expanding","track_status, field_median_lag1, gap_expanding",0.61,0.5,0.9778,0.6893,MODERATE,,,
target_laptime,167,VER,RED BULL RACING,HARD,55,96.3219985961914,96.4688491821289,97.84318382838872,0.1468505859375,"tracktemp_dev_x_tyrelife, field_median_lag1, gap_expanding","track_status, field_median_lag1, gap_expanding",0.3284,0.5,0.9778,0.581,MODERATE,,,
target_laptime,168,VER,RED BULL RACING,HARD,56,97.20500183105469,96.14889526367188,97.95142068189854,1.0561065673828125,"tracktemp_dev_x_tyrelife, field_median_lag1, form_vs_baseline","track_status, form_vs_baseline, field_median_lag1",0.1192,0.5,0.9556,0.4937,LOW,,,
target_laptime,169,VER,RED BULL RACING,HARD,57,96.37300109863281,96.47920227050781,98.1175204196037,0.106201171875,"tracktemp_dev_x_tyrelife, field_median_lag1, gap_expanding","track_status, gap_expanding, team_red_bull_racing",0.1994,0.2,0.9556,0.4323,LOW,,,
target_laptime,170,ZHO,ALFA ROMEO,SOFT,47,99.5530014038086,99.04397583007812,98.37967400967763,0.5090255737304688,"field_median_lag1, tracktemp_dev_x_tyrelife, tyre_life","track_status, field_median_lag1, driver_alo",0.6754,0.2,0.9778,0.6222,MODERATE,,,
target_laptime,171,ZHO,ALFA ROMEO,SOFT,48,98.59600067138672,99.65081024169922,97.96208713272007,1.0548095703125,"field_median_lag1, tracktemp_dev_x_tyrelife, tyre_life","track_status, form_vs_baseline, field_median_lag1",0.1748,0.2,0.9556,0.4228,LOW,,,
target_laptime,172,ZHO,ALFA ROMEO,SOFT,49,98.62799835205078,98.88335418701172,98.02489207851767,0.2553558349609375,"tracktemp_dev_x_tyrelife, field_median_lag1, tyre_life","track_status, field_median_lag1, gap_expanding",0.5805,0.2,0.9333,0.572,MODERATE,,,
target_laptime,173,ZHO,ALFA ROMEO,SOFT,50,99.89299774169922,99.66912841796875,98.14954875696431,0.22386932373046875,"tracktemp_dev_x_tyrelife, tyre_life, field_median_lag1","track_status, compound_medium, field_median_lag1",0.2575,0.2,0.9333,0.4477,LOW,,,
target_laptime,174,ZHO,ALFA ROMEO,SOFT,51,98.71900177001953,99.75455474853516,98.12785898964722,1.035552978515625,"tracktemp_dev_x_tyrelife, tyre_life, field_median_lag1","track_status, form_vs_baseline, field_median_lag1",0.2051,0.2,0.9333,0.4276,LOW,,,
target_laptime,175,ZHO,ALFA ROMEO,SOFT,52,98.71299743652344,99.67156219482422,98.2753204659799,0.9585647583007812,"tracktemp_dev_x_tyrelife, tyre_life, field_median_lag1","track_status, field_median_lag1, gap_expanding",0.3177,0.2,0.9333,0.4709,LOW,,,
target_laptime,176,ZHO,ALFA ROMEO,SOFT,53,98.63400268554688,99.3128433227539,98.48536834818134,0.6788406372070312,"tracktemp_dev_x_tyrelife, tyre_life, field_median_lag1","track_status, field_median_lag1, humidity",0.5957,0.2,0.9333,0.5778,MODERATE,,,
target_laptime,177,ZHO,ALFA ROMEO,SOFT,54,101.96700286865234,99.37276458740234,98.73098691990276,2.59423828125,"tracktemp_dev_x_tyrelife, tyre_life, field_median_lag1","track_status, field_median_lag1, gap_expanding",0.6864,0.2,0.9333,0.6127,MODERATE,,,
target_laptime,178,ZHO,ALFA ROMEO,SOFT,55,103.98474884033203,100.84445190429688,102.22279539507338,3.1402969360351562,"form_vs_baseline, gap_roll3_mean, tyre_life","track_status, form_vs_baseline, field_median_lag1",0.3265,0.2,1.0,0.4948,LOW,,,
target_laptime,179,ZHO,ALFA ROMEO,SOFT,56,94.00274658203125,97.7266845703125,97.50018899528267,3.72393798828125,"gap_roll3_mean, form_vs_baseline, gap_roll3_std","track_status, form_vs_baseline, field_median_lag1",0.8893,0.2,0.9778,0.7044,MODERATE,,,
target_pit_next_lap,0,ALB,WILLIAMS,SOFT,47,0.0,0.02140125446021557,0.05674364531225782,,"tracktemp_dev_x_tyrelife, tyrelife_x_soft, tyre_life","field_pace_trend, tracktemp_dev_x_tyrelife, compound_soft",0.9647,0.2,1.0,0.782,HIGH,stay out,True,0.8596
target_pit_next_lap,1,ALB,WILLIAMS,SOFT,48,0.0,0.043495699763298035,0.10925792997394453,,"tracktemp_dev_x_tyrelife, tyrelife_x_soft, compound_soft","field_pace_trend, tyrelife_x_soft, tracktemp_dev_x_tyrelife",0.9342,0.5,1.0,0.7837,HIGH,stay out,True,0.7146
target_pit_next_lap,2,ALB,WILLIAMS,SOFT,49,0.0,0.04518883675336838,0.0966787286294363,,"tracktemp_dev_x_tyrelife, tyrelife_x_soft, compound_soft","tracktemp_dev_x_tyrelife, tyrelife_x_soft, form_vs_baseline",0.9485,0.5,1.0,0.7833,HIGH,stay out,True,0.7035
target_pit_next_lap,3,ALB,WILLIAMS,SOFT,50,0.0,0.04461747780442238,0.3537183799854408,,"tracktemp_dev_x_tyrelife, tyrelife_x_soft, compound_soft","tracktemp_dev_x_tyrelife, tyrelife_x_soft, field_pace_trend",0.6909,0.5,1.0,0.7203,MODERATE,stay out,True,0.7072
target_pit_next_lap,4,ALB,WILLIAMS,SOFT,51,0.0,0.06130646541714668,0.366914927739295,,"tracktemp_dev_x_tyrelife, tyrelife_x_soft, compound_soft","tyrelife_x_soft, tracktemp_dev_x_tyrelife, compound_soft",0.6944,1.0,1.0,0.7828,HIGH,stay out,True,0.5977
target_pit_next_lap,5,ALB,WILLIAMS,SOFT,52,0.0,0.05989181250333786,0.3386563711342449,,"tracktemp_dev_x_tyrelife, tyrelife_x_soft, tyre_life","tracktemp_dev_x_tyrelife, tyrelife_x_soft, compound_soft",0.7212,0.5,1.0,0.6928,MODERATE,stay out,True,0.607
target_pit_next_lap,6,ALB,WILLIAMS,SOFT,53,0.0,0.09526317566633224,0.3891355435389992,,"tracktemp_dev_x_tyrelife, tyrelife_x_soft, tyre_life","field_pace_trend, tyre_life, tracktemp_dev_x_tyrelife",0.7061,0.5,0.875,0.5828,MODERATE,stay out,True,0.3749
target_pit_next_lap,7,ALB,WILLIAMS,SOFT,54,0.0,0.0628667101264,0.38852833447014995,,"tracktemp_dev_x_tyrelife, tyrelife_x_soft, tyre_life","field_pace_trend, tyre_life, tyrelife_x_soft",0.6743,0.5,0.875,0.6492,MODERATE,stay out,True,0.5875
target_pit_next_lap,8,ALB,WILLIAMS,SOFT,55,0.0,0.08676911145448685,0.37780292483695654,,"tracktemp_dev_x_tyrelife, tyre_life, tyrelife_x_soft","tyre_life, tracktemp_dev_x_tyrelife, tyrelife_x_soft",0.709,1.0,0.875,0.703,MODERATE,stay out,True,0.4306
target_pit_next_lap,9,ALB,WILLIAMS,SOFT,56,0.0,0.06749313324689865,0.31603820660761056,,"tracktemp_dev_x_tyrelife, tyre_life, tyrelife_x_soft","tyre_life, tyrelife_x_soft, tracktemp_dev_x_tyrelife",0.7515,1.0,0.875,0.7579,HIGH,stay out,True,0.5571
target_pit_next_lap,10,ALB,WILLIAMS,SOFT,57,0.0,0.06324627995491028,0.304640971059699,,"tracktemp_dev_x_tyrelife, tyre_life, tyrelife_x_soft","field_pace_trend, tyrelife_x_soft, tyre_life",0.7586,0.5,0.875,0.6694,MODERATE,stay out,True,0.585
target_pit_next_lap,11,ALO,ASTON MARTIN,HARD,47,0.0,0.022222619503736496,0.11319756801600295,,"tracktemp_dev_x_tyrelife, tyre_life, tyrelife_x_soft","field_pace_trend, tyre_life, tracktemp_dev_x_tyrelife",0.909,0.5,1.0,0.8262,HIGH,stay out,True,0.8542
target_pit_next_lap,12,ALO,ASTON MARTIN,HARD,48,0.0,0.03787287697196007,0.2995900252335459,,"tracktemp_dev_x_tyrelife, tyre_life, field_median_lag1","field_pace_trend, tyre_life, tracktemp_dev_x_tyrelife",0.7383,0.5,0.875,0.7226,MODERATE,stay out,True,0.7515
target_pit_next_lap,13,ALO,ASTON MARTIN,HARD,49,0.0,0.02618061937391758,0.1060832378602027,,"tracktemp_dev_x_tyrelife, tyre_life, field_median_lag1","tyre_life, tracktemp_dev_x_tyrelife, tyrelife_x_soft",0.9201,0.5,0.875,0.7949,HIGH,stay out,True,0.8282
target_pit_next_lap,14,ALO,ASTON MARTIN,HARD,50,0.0,0.025527970865368843,0.14542339969621765,,"tracktemp_dev_x_tyrelife, tyre_life, form_vs_baseline","tyre_life, form_vs_baseline, tracktemp_dev_x_tyrelife",0.8801,1.0,0.875,0.8864,HIGH,stay out,True,0.8325
target_pit_next_lap,15,ALO,ASTON MARTIN,HARD,51,0.0,0.0169039499014616,0.10032942900141033,,"tracktemp_dev_x_tyrelife, tyre_life, form_vs_baseline","tyre_life, form_vs_baseline, tracktemp_dev_x_tyrelife",0.9166,1.0,0.875,0.9153,HIGH,stay out,True,0.8891
target_pit_next_lap,16,ALO,ASTON MARTIN,HARD,52,0.0,0.020078226923942566,0.12475121016301889,,"tracktemp_dev_x_tyrelife, tyre_life, compound_soft","tyre_life, tyrelife_x_soft, tracktemp_dev_x_tyrelife",0.8953,0.5,0.875,0.8027,HIGH,stay out,True,0.8683
target_pit_next_lap,17,ALO,ASTON MARTIN,HARD,53,0.0,0.018989095464348793,0.1311098816006554,,"tracktemp_dev_x_tyrelife, tyre_life, compound_soft","field_pace_trend, tyre_life, tracktemp_dev_x_tyrelife",0.8879,0.5,0.875,0.8034,HIGH,stay out,True,0.8754
target_pit_next_lap,18,ALO,ASTON MARTIN,HARD,54,0.0,0.016781233251094818,0.14276897911876396,,"tracktemp_dev_x_tyrelife, tyre_life, compound_soft","field_pace_trend, tyre_life, tracktemp_dev_x_tyrelife",0.874,0.5,0.75,0.78,HIGH,stay out,True,0.8899
target_pit_next_lap,19,ALO,ASTON MARTIN,HARD,55,0.0,0.024794360622763634,0.30621935357804764,,"tracktemp_dev_x_tyrelife, tyre_life, compound_soft","tyre_life, tracktemp_dev_x_tyrelife, tyrelife_x_soft",0.7186,0.5,0.75,0.7227,MODERATE,stay out,True,0.8373
target_pit_next_lap,20,ALO,ASTON MARTIN,HARD,56,0.0,0.018141118809580803,0.42124914923022233,,"tracktemp_dev_x_tyrelife, tyre_life, compound_soft","tyre_life, tracktemp_dev_x_tyrelife, tyrelife_x_soft",0.5969,0.5,0.75,0.7076,MODERATE,stay out,True,0.881
target_pit_next_lap,21,ALO,ASTON MARTIN,HARD,57,0.0,0.0151137113571167,0.18400551355567474,,"tracktemp_dev_x_tyrelife, tyre_life, field_pace_trend","field_pace_trend, tyre_life, tracktemp_dev_x_tyrelife",0.8311,1.0,0.75,0.8731,HIGH,stay out,True,0.9008
target_pit_next_lap,22,BOT,ALFA ROMEO,HARD,47,0.0,0.04337291046977043,0.18142909248984534,,"tracktemp_dev_x_tyrelife, tyre_life, compound_soft","field_pace_trend, tyre_life, tyrelife_x_soft",0.8619,0.2,0.875,0.6809,MODERATE,stay out,True,0.7154
target_pit_next_lap,23,BOT,ALFA ROMEO,HARD,48,0.0,0.05584783852100372,0.31489575893247584,,"tracktemp_dev_x_tyrelife, tyre_life, field_median_lag1","field_pace_trend, tyre_life, tracktemp_dev_x_tyrelife",0.741,0.5,0.875,0.682,MODERATE,stay out,True,0.6335
target_pit_next_lap,24,BOT,ALFA ROMEO,HARD,49,0.0,0.044719964265823364,0.2043524286130879,,"tracktemp_dev_x_tyrelife, tyre_life, field_median_lag1","tyre_life, tracktemp_dev_x_tyrelife, tyrelife_x_soft",0.8404,0.5,0.75,0.7074,MODERATE,stay out,True,0.7066
target_pit_next_lap,25,BOT,ALFA ROMEO,HARD,50,0.0,0.050657231360673904,0.44100559505152215,,"tracktemp_dev_x_tyrelife, tyre_life, compound_soft","tyre_life, tyrelife_x_soft, tracktemp_dev_x_tyrelife",0.6097,0.5,0.75,0.6361,MODERATE,stay out,True,0.6676
target_pit_next_lap,26,BOT,ALFA ROMEO,HARD,51,0.0,0.03770667314529419,0.34060608590563424,,"tracktemp_dev_x_tyrelife, tyre_life, compound_soft","tyre_life, tyrelife_x_soft, tracktemp_dev_x_tyrelife",0.6971,0.5,0.75,0.6877,MODERATE,stay out,True,0.7526
target_pit_next_lap,27,BOT,ALFA ROMEO,HARD,52,0.0,0.03804561495780945,0.3683686743269006,,"tracktemp_dev_x_tyrelife, tyre_life, compound_soft","tyre_life, tyrelife_x_soft, tracktemp_dev_x_tyrelife",0.6697,0.5,0.75,0.68,MODERATE,stay out,True,0.7504
target_pit_next_lap,28,BOT,ALFA ROMEO,HARD,53,0.0,0.03459913656115532,0.30802613430477765,,"tracktemp_dev_x_tyrelife, tyre_life, compound_soft","field_pace_trend, tyre_life, tracktemp_dev_x_tyrelife",0.7266,0.5,0.75,0.7022,MODERATE,stay out,True,0.773
target_pit_next_lap,29,BOT,ALFA ROMEO,HARD,54,0.0,0.026994286105036736,0.31666606594433094,,"tracktemp_dev_x_tyrelife, tyre_life, compound_soft","field_pace_trend, tyre_life, tyrelife_x_soft",0.7103,0.2,0.75,0.6556,MODERATE,stay out,True,0.8229
target_pit_next_lap,30,BOT,ALFA ROMEO,HARD,55,0.0,0.029744723811745644,0.34246067151644555,,"tracktemp_dev_x_tyrelife, tyre_life, compound_soft","tyre_life, tracktemp_dev_x_tyrelife, tyrelife_x_soft",0.6873,0.5,0.75,0.7035,MODERATE,stay out,True,0.8048
target_pit_next_lap,31,BOT,ALFA ROMEO,HARD,56,0.0,0.018489956855773926,0.224954306151683,,"tracktemp_dev_x_tyrelife, tyre_life, compound_soft","tyre_life, tracktemp_dev_x_tyrelife, tyrelife_x_soft",0.7935,0.5,0.75,0.7559,HIGH,stay out,True,0.8787
target_pit_next_lap,32,BOT,ALFA ROMEO,HARD,57,0.0,0.017856907099485397,0.21487004884360458,,"tracktemp_dev_x_tyrelife, tyre_life, field_pace_trend","field_pace_trend, tyre_life, tyrelife_x_soft",0.803,0.5,0.75,0.7597,HIGH,stay out,True,0.8828
target_pit_next_lap,33,DEV,ALPHATAURI,HARD,47,0.0,0.06436503678560257,0.23788664488654723,,"tyre_life, tracktemp_dev_x_tyrelife, field_median_lag1","field_pace_trend, form_vs_baseline, tyre_life",0.8265,0.2,0.75,0.5988,MODERATE,stay out,True,0.5777
target_pit_next_lap,34,DEV,ALPHATAURI,HARD,48,0.0,0.06678221374750137,0.3435790853005488,,"tracktemp_dev_x_tyrelife, tyre_life, field_median_lag1","field_pace_trend, form_vs_baseline, tyre_life",0.7232,0.2,0.75,0.5674,MODERATE,stay out,True,0.5618
target_pit_next_lap,35,DEV,ALPHATAURI,HARD,49,0.0,0.05489015579223633,0.1885868828497042,,"tracktemp_dev_x_tyrelife, tyre_life, field_median_lag1","form_vs_baseline, tyre_life, tracktemp_dev_x_tyrelife",0.8663,0.5,0.75,0.6905,MODERATE,stay out,True,0.6398
target_pit_next_lap,36,DEV,ALPHATAURI,HARD,50,0.0,0.06689677387475967,0.45947662887232116,,"tyre_life, tracktemp_dev_x_tyrelife, gap_roll3_mean","form_vs_baseline, tyre_life, tyrelife_x_soft",0.6074,0.2,0.75,0.5382,MODERATE,stay out,True,0.561
target_pit_next_lap,37,DEV,ALPHATAURI,HARD,51,0.0,0.05486370623111725,0.4649045070695386,,"tracktemp_dev_x_tyrelife, tyre_life, gap_roll3_mean","form_vs_baseline, tyre_life, tracktemp_dev_x_tyrelife",0.59,0.5,0.75,0.6215,MODERATE,stay out,True,0.64
target_pit_next_lap,38,DEV,ALPHATAURI,HARD,52,0.0,0.04914576932787895,0.4814765790141551,,"tracktemp_dev_x_tyrelife, tyre_life, form_vs_baseline","form_vs_baseline, tyre_life, tracktemp_dev_x_tyrelife",0.5677,1.0,0.75,0.729,MODERATE,stay out,True,0.6775
target_pit_next_lap,39,DEV,ALPHATAURI,HARD,53,0.0,0.035781558603048325,0.2769282795493819,,"tracktemp_dev_x_tyrelife, tyre_life, gap_roll3_mean","field_pace_trend, form_vs_baseline, tyre_life",0.7589,0.2,0.75,0.6475,MODERATE,stay out,True,0.7652
target_pit_next_lap,40,DEV,ALPHATAURI,HARD,54,0.0,0.042169466614723206,0.4317505296940366,,"tracktemp_dev_x_tyrelife, tyre_life, gap_roll3_mean","field_pace_trend, form_vs_baseline, tyre_life",0.6104,0.2,0.75,0.5958,MODERATE,stay out,True,0.7233
target_pit_next_lap,41,DEV,ALPHATAURI,HARD,55,0.0,0.043064989149570465,0.48117425520108353,,"tracktemp_dev_x_tyrelife, tyre_life, compound_soft","tyre_life, tracktemp_dev_x_tyrelife, tyrelife_x_soft",0.5619,0.5,0.75,0.6416,MODERATE,stay out,True,0.7174
target_pit_next_lap,42,DEV,ALPHATAURI,HARD,56,0.0,0.03150472044944763,0.5244025019865994,,"tracktemp_dev_x_tyrelife, tyre_life, compound_soft","form_vs_baseline, tyre_life, tracktemp_dev_x_tyrelife",0.5071,0.5,0.75,0.6544,MODERATE,stay out,True,0.7933
target_pit_next_lap,43,GAS,ALPINE,SOFT,47,0.0,0.009354294277727604,0.023549932955796077,,"form_vs_baseline, tracktemp_dev_x_tyrelife, tyrelife_x_soft","field_pace_trend, form_vs_baseline, tracktemp_dev_x_tyrelife",0.9858,0.5,1.0,0.875,HIGH,stay out,True,0.9386
target_pit_next_lap,44,GAS,ALPINE,SOFT,48,0.0,0.022515268996357918,0.04664697902787177,,"form_vs_baseline, tracktemp_dev_x_tyrelife, tyrelife_x_soft","field_pace_trend, form_vs_baseline, tyrelife_x_soft",0.9759,0.5,1.0,0.8423,HIGH,stay out,True,0.8523
target_pit_next_lap,45,GAS,ALPINE,SOFT,49,0.0,0.02319411002099514,0.02483406916384707,,"form_vs_baseline, tracktemp_dev_x_tyrelife, tyrelife_x_soft","form_vs_baseline, tyrelife_x_soft, tracktemp_dev_x_tyrelife",0.9984,1.0,1.0,0.9463,HIGH,stay out,True,0.8478
target_pit_next_lap,46,GAS,ALPINE,SOFT,50,0.0,0.03446481376886368,0.14085499966466167,,"tracktemp_dev_x_tyrelife, tyrelife_x_soft, form_vs_baseline","form_vs_baseline, tyrelife_x_soft, compound_soft",0.8936,0.5,1.0,0.7943,HIGH,stay out,True,0.7739
target_pit_next_lap,47,GAS,ALPINE,SOFT,51,0.0,0.034942056983709335,0.17112679414479787,,"tracktemp_dev_x_tyrelife, tyrelife_x_soft, form_vs_baseline","form_vs_baseline, tracktemp_dev_x_tyrelife, tyrelife_x_soft",0.8638,1.0,1.0,0.8857,HIGH,stay out,True,0.7707
target_pit_next_lap,48,GAS,ALPINE,SOFT,52,0.0,0.035654645413160324,0.18868079339304708,,"tracktemp_dev_x_tyrelife, tyrelife_x_soft, form_vs_baseline","form_vs_baseline, tyrelife_x_soft, tracktemp_dev_x_tyrelife",0.847,1.0,1.0,0.8799,HIGH,stay out,True,0.766
target_pit_next_lap,49,GAS,ALPINE,SOFT,53,0.0,0.05705927312374115,0.25470648832733217,,"tracktemp_dev_x_tyrelife, tyrelife_x_soft, tyre_life","field_pace_trend, form_vs_baseline, tyre_life",0.8024,0.2,0.875,0.6345,MODERATE,stay out,True,0.6256
target_pit_next_lap,50,GAS,ALPINE,SOFT,54,0.0,0.04426860809326172,0.2226669272214166,,"tracktemp_dev_x_tyrelife, tyrelife_x_soft, tyre_life","field_pace_trend, form_vs_baseline, tyre_life",0.8216,0.2,0.875,0.6687,MODERATE,stay out,True,0.7095
target_pit_next_lap,51,GAS,ALPINE,SOFT,55,0.0,0.06771574914455414,0.2652518330899537,,"tracktemp_dev_x_tyrelife, tyre_life, tyrelife_x_soft","tyre_life, form_vs_baseline, tracktemp_dev_x_tyrelife",0.8025,0.5,0.875,0.6701,MODERATE,stay out,True,0.5557
target_pit_next_lap,52,GAS,ALPINE,SOFT,56,0.0,0.0655985102057457,0.28359667664881577,,"tracktemp_dev_x_tyrelife, tyre_life, tyrelife_x_soft","tyre_life, tracktemp_dev_x_tyrelife, tyrelife_x_soft",0.782,1.0,0.875,0.7698,HIGH,stay out,True,0.5696
target_pit_next_lap,53,GAS,ALPINE,SOFT,57,0.0,0.06075357645750046,0.3191666662588188,,"tracktemp_dev_x_tyrelife, tyre_life, tyrelife_x_soft","field_pace_trend, tyre_life, tracktemp_dev_x_tyrelife",0.7416,0.5,0.875,0.6709,MODERATE,stay out,True,0.6014
target_pit_next_lap,54,HAM,MERCEDES,HARD,47,0.0,0.044004637748003006,0.24326989251905545,,"tracktemp_dev_x_tyrelife, tyre_life, field_median_lag1","field_pace_trend, form_vs_baseline, tyre_life",0.8007,0.2,0.875,0.6641,MODERATE,stay out,True,0.7113
target_pit_next_lap,55,HAM,MERCEDES,HARD,48,0.0,0.06032449007034302,0.3375210659985395,,"tracktemp_dev_x_tyrelife, tyre_life, field_median_lag1","field_pace_trend, form_vs_baseline, tyre_life",0.7228,0.2,0.875,0.6072,MODERATE,stay out,True,0.6042
target_pit_next_lap,56,HAM,MERCEDES,HARD,49,0.0,0.06196894496679306,0.2603779551053159,,"tracktemp_dev_x_tyrelife, tyre_life, field_median_lag1","form_vs_baseline, tyre_life, tracktemp_dev_x_tyrelife",0.8016,0.5,0.875,0.6831,MODERATE,stay out,True,0.5934
target_pit_next_lap,57,HAM,MERCEDES,HARD,50,0.0,0.06693471968173981,0.507894132181433,,"tracktemp_dev_x_tyrelife, tyre_life, field_median_lag1","form_vs_baseline, tyre_life, tracktemp_dev_x_tyrelife",0.559,0.5,0.75,0.586,MODERATE,stay out,True,0.5608
target_pit_next_lap,58,HAM,MERCEDES,HARD,51,0.0,0.047473445534706116,0.5155799927230954,,"tracktemp_dev_x_tyrelife, tyre_life, field_median_lag1","tyre_life, tracktemp_dev_x_tyrelife, tyrelife_x_soft",0.5319,0.5,0.75,0.6239,MODERATE,stay out,True,0.6885
target_pit_next_lap,59,HAM,MERCEDES,HARD,52,0.0,0.048911139369010925,0.5137310025072569,,"tracktemp_dev_x_tyrelife, tyre_life, compound_soft","form_vs_baseline, tyre_life, tracktemp_dev_x_tyrelife",0.5352,0.5,0.75,0.6215,MODERATE,stay out,True,0.6791
target_pit_next_lap,60,HAM,MERCEDES,HARD,53,0.0,0.03888605907559395,0.3441675317171141,,"tracktemp_dev_x_tyrelife, tyre_life, compound_soft","field_pace_trend, form_vs_baseline, tyre_life",0.6947,0.2,0.75,0.6244,MODERATE,stay out,True,0.7448
target_pit_next_lap,61,HAM,MERCEDES,HARD,54,0.0,0.03349725902080536,0.5058635535422287,,"tracktemp_dev_x_tyrelife, tyre_life, compound_soft","field_pace_trend, form_vs_baseline, tyre_life",0.5276,0.2,0.75,0.595,MODERATE,stay out,True,0.7802
target_pit_next_lap,62,HAM,MERCEDES,HARD,55,0.0,0.04003363102674484,0.5306119717311237,,"tracktemp_dev_x_tyrelife, tyre_life, compound_soft","form_vs_baseline, tyre_life, tyrelife_x_soft",0.5094,0.2,0.75,0.5754,MODERATE,stay out,True,0.7373
target_pit_next_lap,63,HAM,MERCEDES,HARD,56,0.0,0.02448122948408127,0.4984030552404211,,"tracktemp_dev_x_tyrelife, tyre_life, compound_soft","tyre_life, tyrelife_x_soft, tracktemp_dev_x_tyrelife",0.5261,0.5,0.75,0.6753,MODERATE,stay out,True,0.8394
target_pit_next_lap,64,HAM,MERCEDES,HARD,57,0.0,0.021688472479581833,0.47236654233881137,,"tracktemp_dev_x_tyrelife, tyre_life, field_pace_trend","field_pace_trend, tyre_life, tracktemp_dev_x_tyrelife",0.5493,1.0,0.75,0.7875,HIGH,stay out,True,0.8577
target_pit_next_lap,65,HUL,HAAS F1 TEAM,SOFT,47,0.0,0.10322374105453491,0.2762113231403627,,"form_vs_baseline, tyrelife_x_soft, tracktemp_dev_x_tyrelife","field_pace_trend, form_vs_baseline, tyrelife_x_soft",0.827,0.5,1.0,0.6197,MODERATE,stay out,True,0.3227
target_pit_next_lap,66,HUL,HAAS F1 TEAM,SOFT,48,0.0,0.03968174383044243,0.28245445176964085,,"form_vs_baseline, tyrelife_x_soft, tracktemp_dev_x_tyrelife","field_pace_trend, form_vs_baseline, tyrelife_x_soft",0.7572,0.5,1.0,0.7482,MODERATE,stay out,True,0.7396
target_pit_next_lap,67,HUL,HAAS F1 TEAM,SOFT,49,0.0,0.04171401634812355,0.23766418804041384,,"tyrelife_x_soft, tracktemp_dev_x_tyrelife, form_vs_baseline","form_vs_baseline, tyrelife_x_soft, tracktemp_dev_x_tyrelife",0.804,1.0,1.0,0.8552,HIGH,stay out,True,0.7263
target_pit_next_lap,68,HUL,HAAS F1 TEAM,SOFT,50,0.0,0.05061224475502968,0.39657540275880826,,"tracktemp_dev_x_tyrelife, tyrelife_x_soft, form_vs_baseline","tyre_life, form_vs_baseline, tyrelife_x_soft",0.654,0.5,1.0,0.6973,MODERATE,stay out,True,0.6679
target_pit_next_lap,69,HUL,HAAS F1 TEAM,SOFT,51,0.0,0.06772519648075104,0.32947806303924143,,"tracktemp_dev_x_tyrelife, tyrelife_x_soft, tyre_life","tyre_life, form_vs_baseline, tyrelife_x_soft",0.7382,0.5,0.875,0.654,MODERATE,stay out,True,0.5556
target_pit_next_lap,70,HUL,HAAS F1 TEAM,SOFT,52,0.0,0.06708867847919464,0.3294772267742774,,"tracktemp_dev_x_tyrelife, tyre_life, tyrelife_x_soft","tyre_life, form_vs_baseline, tracktemp_dev_x_tyrelife",0.7376,0.5,0.875,0.6553,MODERATE,stay out,True,0.5598
target_pit_next_lap,71,HUL,HAAS F1 TEAM,SOFT,53,0.0,0.09605791419744492,0.25397255649737605,,"tracktemp_dev_x_tyrelife, tyre_life, tyrelife_x_soft","field_pace_trend, tyre_life, tyrelife_x_soft",0.8421,0.5,0.875,0.6149,MODERATE,stay out,True,0.3697
target_pit_next_lap,72,HUL,HAAS F1 TEAM,SOFT,54,0.0,0.0819702222943306,0.3805694769751624,,"tracktemp_dev_x_tyrelife, tyre_life, tyrelife_x_soft","field_pace_trend, tyre_life, tracktemp_dev_x_tyrelife",0.7014,0.5,0.875,0.6121,MODERATE,stay out,True,0.4621
target_pit_next_lap,73,HUL,HAAS F1 TEAM,SOFT,55,0.0,0.09697051346302032,0.598600356643651,,"tracktemp_dev_x_tyrelife, tyre_life, tyrelife_x_soft","tyre_life, tyrelife_x_soft, tracktemp_dev_x_tyrelife",0.4984,1.0,0.875,0.6269,MODERATE,stay out,True,0.3637
target_pit_next_lap,74,HUL,HAAS F1 TEAM,SOFT,56,0.0,0.07777263224124908,0.6063828158571568,,"tracktemp_dev_x_tyrelife, tyre_life, tyrelife_x_soft","tyre_life, tyrelife_x_soft, tracktemp_dev_x_tyrelife",0.4714,1.0,0.75,0.6392,MODERATE,stay out,True,0.4897
target_pit_next_lap,75,MAG,HAAS F1 TEAM,SOFT,47,0.0,0.018848109990358353,0.016218606612841826,,"tracktemp_dev_x_tyrelife, form_vs_baseline, tyrelife_x_soft","field_pace_trend, form_vs_baseline, tracktemp_dev_x_tyrelife",0.9974,0.5,1.0,0.8561,HIGH,stay out,True,0.8763
target_pit_next_lap,76,MAG,HAAS F1 TEAM,SOFT,48,0.0,0.03994997590780258,0.07907732920990367,,"tracktemp_dev_x_tyrelife, tyrelife_x_soft, compound_soft","field_pace_trend, tracktemp_dev_x_tyrelife, form_vs_baseline",0.9609,0.2,1.0,0.7385,MODERATE,stay out,True,0.7379
target_pit_next_lap,77,MAG,HAAS F1 TEAM,SOFT,49,0.0,0.034325387328863144,0.08342043091966972,,"tracktemp_dev_x_tyrelife, tyrelife_x_soft, form_vs_baseline","form_vs_baseline, tyrelife_x_soft, tracktemp_dev_x_tyrelife",0.9509,1.0,1.0,0.9089,HIGH,stay out,True,0.7748
target_pit_next_lap,78,MAG,HAAS F1 TEAM,SOFT,50,0.0,0.03936057537794113,0.3379258327818621,,"tracktemp_dev_x_tyrelife, tyrelife_x_soft, compound_soft","form_vs_baseline, tracktemp_dev_x_tyrelife, tyrelife_x_soft",0.7014,0.5,1.0,0.735,MODERATE,stay out,True,0.7417
target_pit_next_lap,79,MAG,HAAS F1 TEAM,SOFT,51,0.0,0.07689237594604492,0.49291681523570663,,"tracktemp_dev_x_tyrelife, tyrelife_x_soft, compound_soft","tracktemp_dev_x_tyrelife, tyrelife_x_soft, compound_soft",0.584,1.0,1.0,0.7194,MODERATE,stay out,True,0.4955
target_pit_next_lap,80,MAG,HAAS F1 TEAM,SOFT,52,0.0,0.064396932721138,0.3170159298872237,,"tracktemp_dev_x_tyrelife, tyrelife_x_soft, tyre_life","tyrelife_x_soft, tracktemp_dev_x_tyrelife, compound_soft",0.7474,0.5,1.0,0.689,MODERATE,stay out,True,0.5774
target_pit_next_lap,81,MAG,HAAS F1 TEAM,SOFT,53,0.0,0.08630365133285522,0.2997067603171235,,"tracktemp_dev_x_tyrelife, tyrelife_x_soft, tyre_life","field_pace_trend, tyre_life, tyrelife_x_soft",0.7866,0.5,0.875,0.6234,MODERATE,stay out,True,0.4337
target_pit_next_lap,82,MAG,HAAS F1 TEAM,SOFT,54,0.0,0.05929696559906006,0.3815726016497231,,"tracktemp_dev_x_tyrelife, tyrelife_x_soft, tyre_life","field_pace_trend, tyre_life, tracktemp_dev_x_tyrelife",0.6777,0.5,0.875,0.6583,MODERATE,stay out,True,0.6109
target_pit_next_lap,83,MAG,HAAS F1 TEAM,SOFT,55,0.0,0.12124300748109818,0.5775980691565802,,"tracktemp_dev_x_tyrelife, tyre_life, tyrelife_x_soft","form_vs_baseline, tyre_life, tyrelife_x_soft",0.5436,0.5,0.875,0.4825,LOW,stay out,True,0.2044
target_pit_next_lap,84,MAG,HAAS F1 TEAM,SOFT,56,0.0,0.08324618637561798,0.537409721676424,,"tracktemp_dev_x_tyrelife, tyre_life, tyrelife_x_soft","tyre_life, tyrelife_x_soft, tracktemp_dev_x_tyrelife",0.5458,1.0,0.875,0.6703,MODERATE,stay out,True,0.4538
target_pit_next_lap,85,NOR,MCLAREN,HARD,47,0.0,0.015614282339811325,0.1315845487871022,,"tracktemp_dev_x_tyrelife, tyrelife_x_soft, compound_soft","field_pace_trend, tyrelife_x_soft, tracktemp_dev_x_tyrelife",0.884,0.5,1.0,0.8351,HIGH,stay out,True,0.8975
target_pit_next_lap,86,NOR,MCLAREN,SOFT,48,0.0,0.05006476119160652,0.12078643016285567,,"form_vs_baseline, tyre_life, field_median_lag1","field_pace_trend, form_vs_baseline, tyre_life",0.9293,0.5,1.0,0.7673,HIGH,stay out,True,0.6715
target_pit_next_lap,87,NOR,MCLAREN,SOFT,49,0.0,0.030343059450387955,0.059659641936084876,,"form_vs_baseline, gap_roll3_mean, field_median_lag1","form_vs_baseline, tracktemp_dev_x_tyrelife, gap_roll3_mean",0.9707,0.5,1.0,0.823,HIGH,stay out,True,0.8009
target_pit_next_lap,88,NOR,MCLAREN,SOFT,50,0.0,0.009496466256678104,0.11594259969671891,,"gap_roll3_mean, tracktemp_dev_x_tyrelife, tyrelife_x_soft","form_vs_baseline, tracktemp_dev_x_tyrelife, compound_soft",0.8936,0.2,0.875,0.7666,HIGH,stay out,True,0.9377
target_pit_next_lap,89,NOR,MCLAREN,SOFT,51,0.0,0.0025092128198593855,0.09601489153213827,,"form_vs_baseline, tracktemp_dev_x_tyrelife, tyrelife_x_soft","form_vs_baseline, tyrelife_x_soft, tracktemp_dev_x_tyrelife",0.9065,1.0,1.0,0.9709,HIGH,stay out,True,0.9835
target_pit_next_lap,90,NOR,MCLAREN,SOFT,52,0.0,0.007378509268164635,0.04751241074487527,,"form_vs_baseline, tracktemp_dev_x_tyrelife, tyrelife_x_soft","tyrelife_x_soft, form_vs_baseline, tracktemp_dev_x_tyrelife",0.9599,1.0,1.0,0.973,HIGH,stay out,True,0.9516
target_pit_next_lap,91,NOR,MCLAREN,SOFT,53,0.0,0.01837764121592045,0.15986358128258943,,"form_vs_baseline, tracktemp_dev_x_tyrelife, tyrelife_x_soft","field_pace_trend, form_vs_baseline, tracktemp_dev_x_tyrelife",0.8585,0.5,1.0,0.8224,HIGH,stay out,True,0.8794
target_pit_next_lap,92,NOR,MCLAREN,SOFT,54,0.0,0.016860611736774445,0.21524528565814469,,"form_vs_baseline, tracktemp_dev_x_tyrelife, tyrelife_x_soft","field_pace_trend, form_vs_baseline, tyrelife_x_soft",0.8016,0.5,0.875,0.7867,HIGH,stay out,True,0.8894
target_pit_next_lap,93,NOR,MCLAREN,SOFT,55,0.0,0.052066680043935776,0.11749918464400541,,"tracktemp_dev_x_tyrelife, form_vs_baseline, tyrelife_x_soft","form_vs_baseline, tracktemp_dev_x_tyrelife, compound_soft",0.9346,0.5,1.0,0.7641,HIGH,stay out,True,0.6584
target_pit_next_lap,94,PER,RED BULL RACING,HARD,47,0.0,0.027260590344667435,0.14980976687265027,,"tracktemp_dev_x_tyrelife, tyre_life, tyrelife_x_soft","field_pace_trend, form_vs_baseline, tyre_life",0.8775,0.2,1.0,0.7468,MODERATE,stay out,True,0.8211
target_pit_next_lap,95,PER,RED BULL RACING,HARD,48,0.0,0.031096773222088814,0.20004036892490856,,"tracktemp_dev_x_tyrelife, tyre_life, field_median_lag1","field_pace_trend, tyre_life, tracktemp_dev_x_tyrelife",0.8311,0.5,0.875,0.7613,HIGH,stay out,True,0.796
target_pit_next_lap,96,PER,RED BULL RACING,HARD,49,0.0,0.02989509329199791,0.12252758084289489,,"tracktemp_dev_x_tyrelife, tyre_life, field_median_lag1","tyre_life, tracktemp_dev_x_tyrelife, tyrelife_x_soft",0.9074,0.5,0.875,0.7832,HIGH,stay out,True,0.8038
target_pit_next_lap,97,PER,RED BULL RACING,HARD,50,0.0,0.03196709603071213,0.25642253628068773,,"tracktemp_dev_x_tyrelife, tyre_life, field_median_lag1","tyre_life, tyrelife_x_soft, tracktemp_dev_x_tyrelife",0.7755,0.5,0.875,0.7455,MODERATE,stay out,True,0.7902
target_pit_next_lap,98,PER,RED BULL RACING,HARD,51,0.0,0.048882413655519485,0.409339432237224,,"tracktemp_dev_x_tyrelife, tyre_life, field_median_lag1","form_vs_baseline, tyre_life, tracktemp_dev_x_tyrelife",0.6395,0.5,0.875,0.6726,MODERATE,stay out,True,0.6792
target_pit_next_lap,99,PER,RED BULL RACING,HARD,52,0.0,0.029606759548187256,0.3754015592258009,,"tracktemp_dev_x_tyrelife, tyre_life, compound_soft","tyre_life, tracktemp_dev_x_tyrelife, tyrelife_x_soft",0.6542,0.5,0.875,0.7206,MODERATE,stay out,True,0.8057
target_pit_next_lap,100,PER,RED BULL RACING,HARD,53,0.0,0.03582199290394783,0.2576635818021614,,"tracktemp_dev_x_tyrelife, tyre_life, field_median_lag1","field_pace_trend, tyre_life, tracktemp_dev_x_tyrelife",0.7782,0.5,0.875,0.7373,MODERATE,stay out,True,0.7649
target_pit_next_lap,101,PER,RED BULL RACING,HARD,54,0.0,0.02280290797352791,0.3502512222716776,,"tracktemp_dev_x_tyrelife, tyre_life, compound_soft","field_pace_trend, tyre_life, tracktemp_dev_x_tyrelife",0.6726,0.5,0.75,0.7158,MODERATE,stay out,True,0.8504
target_pit_next_lap,102,PER,RED BULL RACING,HARD,55,0.0,0.025906208902597427,0.3176584621527026,,"tracktemp_dev_x_tyrelife, tyre_life, compound_soft","tyre_life, tracktemp_dev_x_tyrelife, tyrelife_x_soft",0.7082,0.5,0.75,0.7176,MODERATE,stay out,True,0.83
target_pit_next_lap,103,PER,RED BULL RACING,HARD,56,0.0,0.022575700655579567,0.3013997840449548,,"tracktemp_dev_x_tyrelife, tyre_life, compound_soft","tyre_life, tyrelife_x_soft, tracktemp_dev_x_tyrelife",0.7212,0.5,0.75,0.7284,MODERATE,stay out,True,0.8519
target_pit_next_lap,104,PER,RED BULL RACING,HARD,57,0.0,0.010322026908397675,0.09350966002379316,,"tracktemp_dev_x_tyrelife, tyre_life, form_vs_baseline","field_pace_trend, tyre_life, form_vs_baseline",0.9168,0.5,0.75,0.8055,HIGH,stay out,True,0.9323
target_pit_next_lap,105,RUS,MERCEDES,HARD,47,0.0,0.035783689469099045,0.213201477127783,,"tracktemp_dev_x_tyrelife, tyre_life, field_median_lag1","field_pace_trend, tyre_life, tracktemp_dev_x_tyrelife",0.8226,0.5,0.875,0.7485,MODERATE,stay out,True,0.7652
target_pit_next_lap,106,RUS,MERCEDES,HARD,48,0.0,0.04553709551692009,0.28144452476720816,,"tracktemp_dev_x_tyrelife, tyre_life, field_median_lag1","field_pace_trend, tyre_life, tracktemp_dev_x_tyrelife",0.7641,0.5,0.875,0.7114,MODERATE,stay out,True,0.7012
target_pit_next_lap,107,RUS,MERCEDES,HARD,49,0.0,0.04359425604343414,0.20095206731921214,,"tracktemp_dev_x_tyrelife, tyre_life, field_median_lag1","tyre_life, tracktemp_dev_x_tyrelife, tyrelife_x_soft",0.8426,0.5,0.875,0.7355,MODERATE,stay out,True,0.7139
target_pit_next_lap,108,RUS,MERCEDES,HARD,50,0.0,0.048158593475818634,0.4417037971262491,,"tracktemp_dev_x_tyrelife, tyre_life, field_median_lag1","tyre_life, tyrelife_x_soft, tracktemp_dev_x_tyrelife",0.6065,0.5,0.875,0.666,MODERATE,stay out,True,0.684
target_pit_next_lap,109,RUS,MERCEDES,HARD,51,0.0,0.034769997000694275,0.27968815147282206,,"tracktemp_dev_x_tyrelife, tyre_life, field_median_lag1","tyre_life, tyrelife_x_soft, tracktemp_dev_x_tyrelife",0.7551,0.5,0.75,0.7089,MODERATE,stay out,True,0.7719
target_pit_next_lap,110,RUS,MERCEDES,HARD,52,0.0,0.03905143961310387,0.4589929139410615,,"tracktemp_dev_x_tyrelife, tyre_life, compound_soft","tyre_life, tracktemp_dev_x_tyrelife, tyrelife_x_soft",0.5801,0.5,0.75,0.6553,MODERATE,stay out,True,0.7438
target_pit_next_lap,111,RUS,MERCEDES,HARD,53,0.0,0.030776694416999817,0.2946236999028468,,"tracktemp_dev_x_tyrelife, tyre_life, compound_soft","field_pace_trend, tyre_life, tracktemp_dev_x_tyrelife",0.7362,0.5,0.75,0.7134,MODERATE,stay out,True,0.7981
target_pit_next_lap,112,RUS,MERCEDES,HARD,54,0.0,0.028493275865912437,0.4678538916873222,,"tracktemp_dev_x_tyrelife, tyre_life, compound_soft","field_pace_trend, tyre_life, tyrelife_x_soft",0.5606,0.2,0.75,0.6147,MODERATE,stay out,True,0.813
target_pit_next_lap,113,RUS,MERCEDES,HARD,55,0.0,0.03364497050642967,0.503479206202367,,"tracktemp_dev_x_tyrelife, tyre_life, compound_soft","tyre_life, tracktemp_dev_x_tyrelife, tyrelife_x_soft",0.5302,0.5,0.75,0.6553,MODERATE,stay out,True,0.7792
target_pit_next_lap,114,RUS,MERCEDES,HARD,56,0.0,0.021645449101924896,0.4797334303870225,,"tracktemp_dev_x_tyrelife, tyre_life, compound_soft","tyre_life, tracktemp_dev_x_tyrelife, tyrelife_x_soft",0.5419,0.5,0.75,0.6858,MODERATE,stay out,True,0.858
target_pit_next_lap,115,RUS,MERCEDES,HARD,57,0.0,0.016218917444348335,0.1912682653474036,,"tracktemp_dev_x_tyrelife, tyre_life, compound_soft","field_pace_trend, tyre_life, tracktemp_dev_x_tyrelife",0.825,0.5,0.75,0.769,HIGH,stay out,True,0.8936
target_pit_next_lap,116,SAI,FERRARI,HARD,47,0.0,0.04612627997994423,0.25627482953531794,,"tracktemp_dev_x_tyrelife, tyre_life, field_median_lag1","field_pace_trend, tyre_life, form_vs_baseline",0.7899,0.2,0.875,0.6565,MODERATE,stay out,True,0.6973
target_pit_next_lap,117,SAI,FERRARI,HARD,48,0.0,0.05701223760843277,0.33268528909632994,,"tracktemp_dev_x_tyrelife, tyre_life, field_median_lag1","field_pace_trend, form_vs_baseline, tyre_life",0.7243,0.2,0.875,0.6151,MODERATE,stay out,True,0.6259
target_pit_next_lap,118,SAI,FERRARI,HARD,49,0.0,0.057690318673849106,0.2579537126810735,,"tracktemp_dev_x_tyrelife, tyre_life, field_median_lag1","tyre_life, form_vs_baseline, tracktemp_dev_x_tyrelife",0.7997,0.5,0.875,0.6924,MODERATE,stay out,True,0.6215
target_pit_next_lap,119,SAI,FERRARI,HARD,50,0.0,0.05683544650673866,0.5018948049286837,,"tracktemp_dev_x_tyrelife, tyre_life, field_median_lag1","tyre_life, tracktemp_dev_x_tyrelife, tyrelife_x_soft",0.5549,0.5,0.875,0.6332,MODERATE,stay out,True,0.6271
target_pit_next_lap,120,SAI,FERRARI,HARD,51,0.0,0.04181291162967682,0.483968657113863,,"tracktemp_dev_x_tyrelife, tyre_life, field_median_lag1","tyre_life, tracktemp_dev_x_tyrelife, tyrelife_x_soft",0.5578,0.5,0.75,0.6434,MODERATE,stay out,True,0.7256
target_pit_next_lap,121,SAI,FERRARI,HARD,52,0.0,0.038832809776067734,0.44209597453860333,,"tracktemp_dev_x_tyrelife, tyre_life, compound_soft","tyre_life, tracktemp_dev_x_tyrelife, tyrelife_x_soft",0.5967,0.5,0.75,0.66,MODERATE,stay out,True,0.7452
target_pit_next_lap,122,SAI,FERRARI,HARD,53,0.0,0.030641531571745872,0.2946236999028468,,"tracktemp_dev_x_tyrelife, tyre_life, compound_soft","field_pace_trend, tyre_life, tyrelife_x_soft",0.736,0.2,0.75,0.6536,MODERATE,stay out,True,0.7989
target_pit_next_lap,123,SAI,FERRARI,HARD,54,0.0,0.02634941227734089,0.4338868454756482,,"tracktemp_dev_x_tyrelife, tyre_life, compound_soft","field_pace_trend, tyre_life, tracktemp_dev_x_tyrelife",0.5925,0.5,0.75,0.6876,MODERATE,stay out,True,0.8271
target_pit_next_lap,124,SAI,FERRARI,HARD,55,0.0,0.03014541044831276,0.43648651127337607,,"tracktemp_dev_x_tyrelife, tyre_life, compound_soft","tyre_life, tyrelife_x_soft, tracktemp_dev_x_tyrelife",0.5937,0.5,0.75,0.6792,MODERATE,stay out,True,0.8022
target_pit_next_lap,125,SAI,FERRARI,HARD,56,0.0,0.020853178575634956,0.4454473264761476,,"tracktemp_dev_x_tyrelife, tyre_life, compound_soft","tyre_life, tyrelife_x_soft, tracktemp_dev_x_tyrelife",0.5754,0.5,0.75,0.696,MODERATE,stay out,True,0.8632
target_pit_next_lap,126,SAI,FERRARI,HARD,57,0.0,0.020320041105151176,0.46012832557223327,,"tracktemp_dev_x_tyrelife, tyre_life, compound_soft","field_pace_trend, tyre_life, tracktemp_dev_x_tyrelife",0.5602,0.5,0.75,0.6934,MODERATE,stay out,True,0.8667
target_pit_next_lap,127,SAR,WILLIAMS,SOFT,47,0.0,0.030477898195385933,0.08937138687139147,,"tracktemp_dev_x_tyrelife, tyrelife_x_soft, tyre_life","field_pace_trend, tracktemp_dev_x_tyrelife, compound_soft",0.9411,0.2,1.0,0.7553,HIGH,stay out,True,0.8
target_pit_next_lap,128,SAR,WILLIAMS,SOFT,48,0.0,0.03099374659359455,0.09728253382233609,,"tracktemp_dev_x_tyrelife, tyrelife_x_soft, form_vs_baseline","field_pace_trend, form_vs_baseline, tyrelife_x_soft",0.9337,0.5,1.0,0.8122,HIGH,stay out,True,0.7966
target_pit_next_lap,129,SAR,WILLIAMS,SOFT,49,0.0,0.024000409990549088,0.10162034658808375,,"form_vs_baseline, tracktemp_dev_x_tyrelife, tyrelife_x_soft","form_vs_baseline, tyrelife_x_soft, tracktemp_dev_x_tyrelife",0.9224,1.0,1.0,0.9255,HIGH,stay out,True,0.8425
target_pit_next_lap,130,SAR,WILLIAMS,SOFT,50,0.0,0.03134448081254959,0.24641492778553029,,"tracktemp_dev_x_tyrelife, tyrelife_x_soft, form_vs_baseline","form_vs_baseline, tyrelife_x_soft, tracktemp_dev_x_tyrelife",0.7849,1.0,1.0,0.8742,HIGH,stay out,True,0.7943
target_pit_next_lap,131,SAR,WILLIAMS,SOFT,51,0.0,0.04248131439089775,0.3126141673622573,,"tracktemp_dev_x_tyrelife, tyrelife_x_soft, form_vs_baseline","form_vs_baseline, tyrelife_x_soft, tracktemp_dev_x_tyrelife",0.7299,1.0,1.0,0.8349,HIGH,stay out,True,0.7213
target_pit_next_lap,132,SAR,WILLIAMS,SOFT,52,0.0,0.046155914664268494,0.3148549559077791,,"tracktemp_dev_x_tyrelife, tyrelife_x_soft, form_vs_baseline","form_vs_baseline, tracktemp_dev_x_tyrelife, tyrelife_x_soft",0.7313,1.0,1.0,0.8268,HIGH,stay out,True,0.6971
target_pit_next_lap,133,SAR,WILLIAMS,SOFT,53,0.0,0.06771774590015411,0.3138546297406725,,"tracktemp_dev_x_tyrelife, tyrelife_x_soft, tyre_life","field_pace_trend, tyre_life, form_vs_baseline",0.7539,0.2,0.875,0.5979,MODERATE,stay out,True,0.5557
target_pit_next_lap,134,SAR,WILLIAMS,SOFT,54,0.0,0.05372307449579239,0.3779500490447319,,"tracktemp_dev_x_tyrelife, tyrelife_x_soft, tyre_life","field_pace_trend, tyre_life, form_vs_baseline",0.6758,0.2,0.875,0.6106,MODERATE,stay out,True,0.6475
target_pit_next_lap,135,SAR,WILLIAMS,SOFT,55,0.0,0.0867871418595314,0.36231393229900755,,"tracktemp_dev_x_tyrelife, tyre_life, tyrelife_x_soft","tyre_life, tyrelife_x_soft, tracktemp_dev_x_tyrelife",0.7245,1.0,0.875,0.7068,MODERATE,stay out,True,0.4305
target_pit_next_lap,136,SAR,WILLIAMS,SOFT,56,0.0,0.07971375435590744,0.5346819261095679,,"tracktemp_dev_x_tyrelife, tyre_life, tyrelife_x_soft","tyre_life, tracktemp_dev_x_tyrelife, tyrelife_x_soft",0.545,1.0,0.875,0.6782,MODERATE,stay out,True,0.4769
target_pit_next_lap,137,STR,ASTON MARTIN,HARD,47,0.0,0.03781593218445778,0.1893726080028445,,"tracktemp_dev_x_tyrelife, tyre_life, field_median_lag1","field_pace_trend, tyre_life, tracktemp_dev_x_tyrelife",0.8484,0.5,0.875,0.7503,HIGH,stay out,True,0.7519
target_pit_next_lap,138,STR,ASTON MARTIN,HARD,48,0.0,0.044172435998916626,0.26801612665819835,,"tracktemp_dev_x_tyrelife, tyre_life, field_median_lag1","field_pace_trend, tyre_life, tracktemp_dev_x_tyrelife",0.7762,0.5,0.875,0.7176,MODERATE,stay out,True,0.7102
target_pit_next_lap,139,STR,ASTON MARTIN,HARD,49,0.0,0.0438854917883873,0.19254222744660632,,"tracktemp_dev_x_tyrelife, tyre_life, field_median_lag1","tyre_life, tyrelife_x_soft, tracktemp_dev_x_tyrelife",0.8513,0.5,0.875,0.737,MODERATE,stay out,True,0.712
target_pit_next_lap,140,STR,ASTON MARTIN,HARD,50,0.0,0.04547268897294998,0.4131178431348069,,"tracktemp_dev_x_tyrelife, tyre_life, compound_soft","tyre_life, tracktemp_dev_x_tyrelife, compound_soft",0.6324,1.0,0.75,0.7537,HIGH,stay out,True,0.7016
target_pit_next_lap,141,STR,ASTON MARTIN,HARD,51,0.0,0.03502209112048149,0.25534732165324125,,"tracktemp_dev_x_tyrelife, tyre_life, compound_soft","tyre_life, tracktemp_dev_x_tyrelife, tyrelife_x_soft",0.7797,0.5,0.75,0.7145,MODERATE,stay out,True,0.7702
target_pit_next_lap,142,STR,ASTON MARTIN,HARD,52,0.0,0.040340129286050797,0.4589929139410615,,"tracktemp_dev_x_tyrelife, tyre_life, compound_soft","tyre_life, tracktemp_dev_x_tyrelife, tyrelife_x_soft",0.5813,0.5,0.75,0.6527,MODERATE,stay out,True,0.7353
target_pit_next_lap,143,STR,ASTON MARTIN,HARD,53,0.0,0.031615473330020905,0.2946236999028468,,"tracktemp_dev_x_tyrelife, tyre_life, compound_soft","field_pace_trend, tyre_life, tracktemp_dev_x_tyrelife",0.737,0.5,0.75,0.7116,MODERATE,stay out,True,0.7925
target_pit_next_lap,144,STR,ASTON MARTIN,HARD,54,0.0,0.037129927426576614,0.5063264664200053,,"tracktemp_dev_x_tyrelife, tyre_life, form_vs_baseline","field_pace_trend, form_vs_baseline, tyre_life",0.5308,0.5,0.75,0.6474,MODERATE,stay out,True,0.7564
target_pit_next_lap,145,STR,ASTON MARTIN,HARD,55,0.0,0.03163089603185654,0.4697028677501951,,"tracktemp_dev_x_tyrelife, tyre_life, compound_soft","tyre_life, tracktemp_dev_x_tyrelife, tyrelife_x_soft",0.5619,0.5,0.75,0.6678,MODERATE,stay out,True,0.7924
target_pit_next_lap,146,STR,ASTON MARTIN,HARD,56,0.0,0.02088012546300888,0.4768530941583355,,"tracktemp_dev_x_tyrelife, tyre_life, compound_soft","tyre_life, tyrelife_x_soft, tracktemp_dev_x_tyrelife",0.544,0.5,0.75,0.6881,MODERATE,stay out,True,0.863
target_pit_next_lap,147,STR,ASTON MARTIN,HARD,57,0.0,0.01917422190308571,0.42820722065466943,,"tracktemp_dev_x_tyrelife, tyre_life, field_pace_trend","field_pace_trend, tyre_life, tyrelife_x_soft",0.591,0.5,0.75,0.7037,MODERATE,stay out,True,0.8742
target_pit_next_lap,148,TSU,ALPHATAURI,SOFT,47,0.0,0.0352509580552578,0.21748353595413206,,"tracktemp_dev_x_tyrelife, tyrelife_x_soft, form_vs_baseline","field_pace_trend, form_vs_baseline, tyrelife_x_soft",0.8178,0.5,1.0,0.7735,HIGH,stay out,True,0.7687
target_pit_next_lap,149,TSU,ALPHATAURI,SOFT,48,0.0,0.07682884484529495,0.2844777528861369,,"tracktemp_dev_x_tyrelife, tyrelife_x_soft, compound_soft","field_pace_trend, tyrelife_x_soft, tracktemp_dev_x_tyrelife",0.7924,0.5,1.0,0.6716,MODERATE,stay out,True,0.4959
target_pit_next_lap,150,TSU,ALPHATAURI,SOFT,49,0.0,0.0608866848051548,0.24695382063363283,,"tracktemp_dev_x_tyrelife, tyrelife_x_soft, tyre_life","form_vs_baseline, tracktemp_dev_x_tyrelife, tyrelife_x_soft",0.8139,0.5,1.0,0.7137,MODERATE,stay out,True,0.6005
target_pit_next_lap,151,TSU,ALPHATAURI,SOFT,50,0.0,0.07715155929327011,0.38091424747887037,,"tyrelife_x_soft, tracktemp_dev_x_tyrelife, tyre_life","tyre_life, tracktemp_dev_x_tyrelife, tyrelife_x_soft",0.6962,1.0,1.0,0.7469,MODERATE,stay out,True,0.4938
target_pit_next_lap,152,TSU,ALPHATAURI,SOFT,51,0.0,0.0971723273396492,0.3435429625345145,,"tracktemp_dev_x_tyrelife, tyrelife_x_soft, tyre_life","tyre_life, tyrelife_x_soft, tracktemp_dev_x_tyrelife",0.7536,1.0,0.875,0.6902,MODERATE,stay out,True,0.3624
target_pit_next_lap,153,TSU,ALPHATAURI,SOFT,52,0.0,0.09829282015562057,0.3478363375361109,,"tyre_life, tracktemp_dev_x_tyrelife, tyrelife_x_soft","tyre_life, tyrelife_x_soft, tracktemp_dev_x_tyrelife",0.7505,1.0,0.875,0.6869,MODERATE,stay out,True,0.355
target_pit_next_lap,154,TSU,ALPHATAURI,SOFT,53,0.0,0.0938272476196289,0.24850692475618813,,"tracktemp_dev_x_tyrelife, tyre_life, tyrelife_x_soft","field_pace_trend, tyre_life, tracktemp_dev_x_tyrelife",0.8453,0.5,0.875,0.6208,MODERATE,stay out,True,0.3843
target_pit_next_lap,155,TSU,ALPHATAURI,SOFT,54,0.0,0.07739225029945374,0.35263347006235973,,"tracktemp_dev_x_tyrelife, tyre_life, tyrelife_x_soft","field_pace_trend, tyre_life, tyrelife_x_soft",0.7248,0.5,0.875,0.6285,MODERATE,stay out,True,0.4922
target_pit_next_lap,156,TSU,ALPHATAURI,SOFT,55,0.0,0.08259537070989609,0.3922599596393547,,"tracktemp_dev_x_tyrelife, tyre_life, tyrelife_x_soft","tyre_life, tracktemp_dev_x_tyrelife, tyrelife_x_soft",0.6903,1.0,0.875,0.7079,MODERATE,stay out,True,0.458
target_pit_next_lap,157,TSU,ALPHATAURI,SOFT,56,0.0,0.06745932996273041,0.38190683505147166,,"tracktemp_dev_x_tyrelife, tyre_life, tyrelife_x_soft","tyre_life, tyrelife_x_soft, tracktemp_dev_x_tyrelife",0.6856,1.0,0.75,0.7165,MODERATE,stay out,True,0.5574
target_pit_next_lap,158,TSU,ALPHATAURI,SOFT,57,0.0,0.05866972729563713,0.34467678644887256,,"tracktemp_dev_x_tyrelife, tyre_life, tyrelife_x_soft","field_pace_trend, tyre_life, tyrelife_x_soft",0.714,0.5,0.625,0.6188,MODERATE,stay out,True,0.615
target_pit_next_lap,159,VER,RED BULL RACING,HARD,47,0.0,0.017781812697649002,0.06379921082341514,,"tracktemp_dev_x_tyrelife, tyrelife_x_soft, tyre_life","field_pace_trend, tracktemp_dev_x_tyrelife, tyrelife_x_soft",0.954,0.5,1.0,0.8477,HIGH,stay out,True,0.8833
target_pit_next_lap,160,VER,RED BULL RACING,HARD,48,0.0,0.03102848120033741,0.19230163745345977,,"tracktemp_dev_x_tyrelife, tyre_life, field_median_lag1","field_pace_trend, form_vs_baseline, tracktemp_dev_x_tyrelife",0.8387,0.2,1.0,0.7284,MODERATE,stay out,True,0.7964
target_pit_next_lap,161,VER,RED BULL RACING,HARD,49,0.0,0.02699350193142891,0.09716951284296009,,"tracktemp_dev_x_tyrelife, tyre_life, field_median_lag1","tyre_life, tracktemp_dev_x_tyrelife, tyrelife_x_soft",0.9298,0.5,1.0,0.8205,HIGH,stay out,True,0.8229
target_pit_next_lap,162,VER,RED BULL RACING,HARD,50,0.0,0.029295416548848152,0.25126424938135755,,"tracktemp_dev_x_tyrelife, tyre_life, field_median_lag1","tyre_life, tracktemp_dev_x_tyrelife, tyrelife_x_soft",0.778,0.5,0.875,0.7522,HIGH,stay out,True,0.8078
target_pit_next_lap,163,VER,RED BULL RACING,HARD,51,0.0,0.036929767578840256,0.310977840755246,,"tracktemp_dev_x_tyrelife, tyre_life, field_median_lag1","form_vs_baseline, tyre_life, tracktemp_dev_x_tyrelife",0.726,0.5,0.875,0.7217,MODERATE,stay out,True,0.7577
target_pit_next_lap,164,VER,RED BULL RACING,HARD,52,0.0,0.031287845224142075,0.3270887181748493,,"tracktemp_dev_x_tyrelife, tyre_life, field_median_lag1","form_vs_baseline, tyre_life, tracktemp_dev_x_tyrelife",0.7042,0.5,0.875,0.7292,MODERATE,stay out,True,0.7947
target_pit_next_lap,165,VER,RED BULL RACING,HARD,53,0.0,0.03248123452067375,0.1919380921504692,,"tracktemp_dev_x_tyrelife, tyre_life, field_median_lag1","field_pace_trend, tyre_life, tracktemp_dev_x_tyrelife",0.8405,0.5,0.875,0.7605,HIGH,stay out,True,0.7869
target_pit_next_lap,166,VER,RED BULL RACING,HARD,54,0.0,0.019228065386414528,0.2673018650274963,,"tracktemp_dev_x_tyrelife, tyre_life, compound_soft","field_pace_trend, tyre_life, tyrelife_x_soft",0.7519,0.2,0.875,0.7088,MODERATE,stay out,True,0.8738
target_pit_next_lap,167,VER,RED BULL RACING,HARD,55,0.0,0.018364612013101578,0.1655118475012816,,"tracktemp_dev_x_tyrelife, tyre_life, compound_soft","tyre_life, tracktemp_dev_x_tyrelife, tyrelife_x_soft",0.8529,0.5,0.875,0.796,HIGH,stay out,True,0.8795
target_pit_next_lap,168,VER,RED BULL RACING,HARD,56,0.0,0.014205935411155224,0.10086297564206421,,"tracktemp_dev_x_tyrelife, tyre_life, compound_soft","form_vs_baseline, tyre_life, tyrelife_x_soft",0.9133,0.2,0.75,0.7357,MODERATE,stay out,True,0.9068
target_pit_next_lap,169,VER,RED BULL RACING,HARD,57,0.0,0.012267807498574257,0.2651953816630144,,"tracktemp_dev_x_tyrelife, tyre_life, field_pace_trend","field_pace_trend, tyre_life, tracktemp_dev_x_tyrelife",0.7471,1.0,0.75,0.8586,HIGH,stay out,True,0.9195
target_pit_next_lap,170,ZHO,ALFA ROMEO,SOFT,47,0.0,0.111304372549057,0.3211192959749782,,"tyre_life, tyrelife_x_soft, tracktemp_dev_x_tyrelife","field_pace_trend, tyre_life, tyrelife_x_soft",0.7902,0.5,0.875,0.5669,MODERATE,stay out,True,0.2697
target_pit_next_lap,171,ZHO,ALFA ROMEO,SOFT,48,0.0,0.12869271636009216,0.4033727379498119,,"tyre_life, tracktemp_dev_x_tyrelife, tyrelife_x_soft","field_pace_trend, form_vs_baseline, tyre_life",0.7253,0.2,0.75,0.4258,LOW,stay out,True,0.1556
target_pit_next_lap,172,ZHO,ALFA ROMEO,SOFT,49,0.0,0.1063704788684845,0.3359804354895087,,"tyre_life, tyrelife_x_soft, tracktemp_dev_x_tyrelife","tyre_life, tracktemp_dev_x_tyrelife, tyrelife_x_soft",0.7704,1.0,0.625,0.6233,MODERATE,stay out,True,0.302
target_pit_next_lap,173,ZHO,ALFA ROMEO,SOFT,50,0.0,0.10099957138299942,0.5298343151318584,,"tyre_life, tyrelife_x_soft, tracktemp_dev_x_tyrelife","tyre_life, tracktemp_dev_x_tyrelife, tyrelife_x_soft",0.5712,1.0,0.625,0.5858,MODERATE,stay out,True,0.3373
target_pit_next_lap,174,ZHO,ALFA ROMEO,SOFT,51,0.0,0.09845989942550659,0.5865873691173138,,"tyre_life, tracktemp_dev_x_tyrelife, tyrelife_x_soft","form_vs_baseline, tyre_life, tyrelife_x_soft",0.5119,0.5,0.625,0.4768,LOW,stay out,True,0.3539
target_pit_next_lap,175,ZHO,ALFA ROMEO,SOFT,52,0.0,0.08106059581041336,0.536455072595216,,"tyre_life, tracktemp_dev_x_tyrelife, tyrelife_x_soft","tyre_life, tyrelife_x_soft, tracktemp_dev_x_tyrelife",0.5446,1.0,0.625,0.625,MODERATE,stay out,True,0.4681
target_pit_next_lap,176,ZHO,ALFA ROMEO,SOFT,53,0.0,0.06908858567476273,0.39126907364002633,,"tracktemp_dev_x_tyrelife, tyre_life, tyrelife_x_soft","field_pace_trend, tyre_life, tyrelife_x_soft",0.6778,0.5,0.625,0.5858,MODERATE,stay out,True,0.5467
target_pit_next_lap,177,ZHO,ALFA ROMEO,SOFT,54,1.0,0.063024140894413,0.5793118629171359,,"tracktemp_dev_x_tyrelife, tyre_life, tyrelife_x_soft","field_pace_trend, tyre_life, tracktemp_dev_x_tyrelife",0.4837,0.5,0.625,0.5512,MODERATE,stay out,False,0.5865
target_pit_next_lap,178,ZHO,ALFA ROMEO,SOFT,55,0.0,0.03519744426012039,0.09298785496769102,,"form_vs_baseline, tyre_life, gap_roll3_mean","form_vs_baseline, tyre_life, tracktemp_dev_x_tyrelife",0.9422,0.5,1.0,0.8047,HIGH,stay out,True,0.769
target_pit_next_lap,179,ZHO,ALFA ROMEO,SOFT,56,0.0,0.021997589617967606,0.09242491794846427,,"form_vs_baseline, gap_roll3_mean, field_median_lag1","form_vs_baseline, tyre_life, tracktemp_dev_x_tyrelife",0.9296,0.2,0.875,0.7469,MODERATE,stay out,True,0.8557
